LAND;EIU;REGION;NETZ;ANLAGEN_NR;STR_NR;VON_KM;BIS_KM;VON_KM_I;BIS_KM_I;RIKZ;RIL_100;STR_MEHRFACHZUORD;LAENGE;ANZ_STR_GL;QUERSCHN;BAUWEISE;WL_SERVICEEINR
BW;DB Netz (ohne RNI);SW;Stuttgart;13000016;4120;95,9 + 48;96,2 + 20;109590048;109620020;0;nv;nv;272;2;46,000;B;nv
BW;DB Netz (ohne RNI);SW;Stuttgart;13000018;4200;19,4 + 59;19,6 + 39;101940059;101960039;0;nv;nv;180;2;43,000;B;nv
BW;DB Netz (ohne RNI);SW;Freiburg;13000020;4540;86,2 + 69;86,3 + 64;108620069;108630064;0;nv;nv;95;1;22,000;B;nv
BW;DB Netz (ohne RNI);SW;Stuttgart;13000021;4600;68,7 + 59;69,2 + 52;106870059;106920052;0;nv;nv;493;1;40,000;B;nv
BW;DB Netz (ohne RNI);SW;Freiburg;13000022;4600;94,7 + 0;94,9 + 96;109470000;109490096;0;TSUL;nv;296;1;50,000;B;nv
BW;DB Netz (ohne RNI);SW;Freiburg;13000023;4600;117,3 + 83;117,4 + 86;111730083;111740086;0;nv;nv;103;1;46,000;B;nv
BW;DB Netz (ohne RNI);SW;Freiburg;13000024;4600;120,0 + 28;120,6 + 82;112000028;112060082;0;nv;nv;654;1;46,000;B;nv
BW;DB Netz (ohne RNI);SW;Freiburg;13000025;4600;120,8 + 4;121,0 + 73;112080004;112100073;0;nv;nv;269;1;46,000;B;nv
BW;DB Netz (ohne RNI);SW;Freiburg;13000026;4600;122,3 + 8;122,4 + 22;112230008;112240022;0;nv;nv;114;1;45,000;B;nv
BW;DB Netz (ohne RNI);SW;Freiburg;13000027;4630;78,7 + 15;78,8 + 40;107870015;107880040;0;nv;nv;125;1;20,000;B;nv
BW;DB Netz (ohne RNI);SW;Freiburg;13000028;4630;80,4 + 34;80,7 + 60;108040034;108070060;0;nv;nv;326;1;21,000;B;nv
BW;DB Netz (ohne RNI);SW;Freiburg;13000030;4660;14,3 + 82;15,0 + 66;101430082;101500066;0;nv;nv;684;1;42,000;B;nv
BW;DB Netz (ohne RNI);SW;Freiburg;13000031;4660;19,2 + 59;19,4 + 40;101920059;101940040;0;nv;nv;181;1;42,000;B;nv
BW;DB Netz (ohne RNI);SW;Freiburg;13000032;4660;31,0 + 35;31,3 + 10;103100035;103130010;0;nv;nv;275;1;42,000;B;nv
BW;DB Netz (ohne RNI);SW;Freiburg;13000033;4660;34,2 + 11;34,2 + 85;103420011;103420085;0;nv;nv;74;1;42,000;B;nv
BW;DB Netz (ohne RNI);SW;Stuttgart;13000034;4700;2,3 + 18;2,6 + 49;100230018;100260049;0;nv;nv;331;2;50,000;B;nv
BW;DB Netz (ohne RNI);SW;Stuttgart;13000035;4701;2,3 + 56;2,6 + 87;100230056;100260087;0;nv;nv;331;2;50,000;B;nv
BW;DB Netz (ohne RNI);SW;Ulm;13000036;4710;92,1 + 80;92,7 + 53;109210080;109270053;0;nv;nv;574;1;40,000;B;nv
BW;DB Netz (ohne RNI);SW;Stuttgart;13000037;4720;6,6 + 32;6,9 + 4;100660032;100690004;0;nv;nv;272;2;46,000;B;nv
BW;DB Netz (ohne RNI);SW;Ulm;13000038;4760;16,5 + 11;16,7 + 71;101650011;101670071;0;nv;nv;260;1;30,000;B;nv
BW;DB Netz (ohne RNI);SW;Stuttgart;13000039;4800;3,6 + 13;4,2 + 93;100360013;100420093;0;nv;nv;680;2;45,000;B;nv
BW;DB Netz (ohne RNI);SW;Stuttgart;13000040;4801;3,6 + 13;4,2 + 93;100360013;100420093;0;nv;nv;680;2;45,000;B;nv
BW;DB Netz (ohne RNI);SW;Stuttgart;13000043;4850;3,6 + 14;4,0 + 20;100360014;100400020;0;nv;nv;406;1;42,000;B;nv
BW;DB Netz (ohne RNI);SW;Stuttgart;13000044;4850;5,1 + 56;5,5 + 27;100510056;100550027;0;nv;nv;371;1;42,000;B;nv
BW;DB Netz (ohne RNI);SW;Stuttgart;13000045;4850;7,4 + 2;7,9 + 62;100740002;100790062;0;nv;nv;560;1;42,000;B;nv
BW;DB Netz (ohne RNI);SW;Stuttgart;13000046;4850;27,6 + 45;28,1 + 23;102760045;102810023;0;nv;nv;478;1;43,000;B;nv
BW;DB Netz (ohne RNI);SW;Freiburg;13000047;4850;31,0 + 72;31,3 + 52;103100072;103130052;0;nv;nv;280;1;42,000;B;nv
BW;DB Netz (ohne RNI);SW;Freiburg;13000048;4850;34,9 + 40;35,1 + 66;103490040;103510066;0;nv;nv;226;1;42,000;B;nv
BW;DB Netz (ohne RNI);SW;Freiburg;13000049;4850;37,2 + 16;37,4 + 69;103720016;103740069;0;TWIB;nv;253;1;43,000;B;nv
BW;DB Netz (ohne RNI);SW;Freiburg;13000050;4850;40,1 + 75;40,3 + 41;104010075;104030041;0;nv;nv;166;1;43,000;B;nv
BW;DB Netz (ohne RNI);SW;Freiburg;13000051;4850;53,8 + 32;55,3 + 89;105380032;105530089;0;nv;nv;1557;1;44,000;B;nv
BW;DB Netz (ohne RNI);SW;Stuttgart;13000053;4860;4,4 + 85;5,0 + 64;100440085;100500064;0;nv;nv;579;2;45,000;B;nv
BW;DB Netz (ohne RNI);SW;Stuttgart;13000054;4860;8,9 + 23;9,1 + 81;100890023;100910081;0;TSW;nv;258;2;43,000;B;nv
BW;DB Netz (ohne RNI);SW;Freiburg;13000056;4860;63,2 + 79;63,5 + 88;106320079;106350088;0;nv;nv;309;2;44,000;B;nv
BW;DB Netz (ohne RNI);SW;Stuttgart;13000059;4861;0,3 + 73;0,6 + 95;100030073;100060095;0;TSB;nv;322;2;65,000;B;nv
BW;DB Netz (ohne RNI);SW;Stuttgart;13000061;4861;1,3 + 30;1,5 + 13;100130030;100150013;0;TSB;nv;183;2;22,577;O;nv
BW;DB Netz (ohne RNI);SW;Stuttgart;13000063;4861;1,9 + 57;2,2 + 80;100190057;100220080;0;TSB;nv;323;2;23,010;O;nv
BW;DB Netz (ohne RNI);SW;Stuttgart;13000065;4861;2,6 + 21;5,0 + 0;100260021;100500000;0;TSS;nv;2379;1;35,000;B;nv
BW;DB Netz (ohne RNI);SW;Stuttgart;13000066;4861;2,6 + 20;5,0 + 0;100260020;100500000;0;TSS;nv;2380;1;35,000;B;nv
BW;DB Netz (ohne RNI);SW;Stuttgart;13000067;4864;0,0 + 68;1,4 + 35;100000068;100140035;0;TSS;nv;1367;1;75,000;B;nv
BW;DB Netz (ohne RNI);SW;Stuttgart;13000068;4900;36,4 + 63;37,0 + 47;103640063;103700047;0;nv;nv;584;1;35,000;B;nv
BW;DB Netz (ohne RNI);SW;Stuttgart;13000069;4900;36,4 + 63;37,0 + 47;103640063;103700047;0;nv;nv;584;1;35,000;B;nv
BW;RNI;S;Westfrankenbahn (RNI);13000070;4920;19,2 + 63;19,4 + 65;101920063;101940065;0;TGAM;nv;202;1;42,000;B;nv
BW;RNI;S;Westfrankenbahn (RNI);13000071;4920;21,5 + 6;21,8 + 55;102150006;102180055;0;nv;nv;349;1;42,000;B;nv
BW;RNI;S;Westfrankenbahn (RNI);13000072;4920;28,2 + 43;28,7 + 85;102820043;102870085;0;nv;nv;542;1;42,000;B;nv
BW;DB Netz (ohne RNI);SW;Stuttgart;13000073;4930;5,9 + 9;6,2 + 18;100590009;100620018;0;nv;nv;309;2;55,000;B;nv
BW;DB Netz (ohne RNI);SW;Ulm;13000074;4930;42,2 + 56;43,1 + 16;104220056;104310016;0;nv;nv;860;1;43,000;B;nv
BW;DB Netz (ohne RNI);SW;Ulm;13000075;4930;48,2 + 60;48,6 + 75;104820060;104860075;0;nv;nv;415;1;35,000;B;nv
BW;DB Netz (ohne RNI);SW;Ulm;13000077;4950;58,6 + 99;58,8 + 43;105860099;105880043;0;nv;nv;144;2;43,000;B;nv
BW;DB Netz (ohne RNI);SW;Ulm;13000078;4950;62,2 + 10;62,3 + 39;106220010;106230039;0;nv;nv;129;2;45,000;B;nv
BW;DB Netz (ohne RNI);SW;Stuttgart;13000079;4950;66,3 + 98;66,4 + 70;106630098;106640070;1;nv;nv;72;2;42,000;B;nv
BW;DB Netz (ohne RNI);SW;Stuttgart;13000080;4950;66,4 + 95;66,7 + 82;106640095;106670082;0;nv;nv;287;2;42,000;B;nv
BW;DB Netz (ohne RNI);SW;Stuttgart;13000081;4950;113,0 + 32;113,9 + 23;111300032;111390023;0;nv;nv;891;2;42,000;B;nv
BW;RNI;S;Westfrankenbahn (RNI);13000082;4953;37,7 + 61;38,0 + 33;103770061;103800033;0;nv;nv;272;1;39,000;B;nv
BW;DB Netz (ohne RNI);SW;Stuttgart;13000083;4861;5,0 + 0;7,3 + 51;100500000;100730051;0;nv;nv;2351;2;61,000;B;nv
BW;DB Netz (ohne RNI);SW;Stuttgart;13000085;4861;7,5 + 79;8,2 + 11;100750079;100820011;0;nv;nv;632;2;61,000;B;nv
BW;DB Netz (ohne RNI);SW;Stuttgart;13000086;4842;136,8 + 33;137,5 + 58;113680033;113750058;0;nv;nv;725;2;79,000;B;nv
BW;DB Netz (ohne RNI);SW;Stuttgart;13000087;4842;137,5 + 58;137,9 + 0;113750058;113790000;0;nv;nv;342;1;48,000;B;nv
BW;DB Netz (ohne RNI);SW;Stuttgart;13000088;4842;137,5 + 59;137,9 + 35;113750059;113790035;0;nv;nv;376;1;48,000;B;nv
BW;DB Netz (ohne RNI);SW;Karlsruhe;13000089;4080;60,4 + 25;61,4 + 31;106040025;106140031;0;nv;nv;1006;2;85,000;B;nv
BW;DB Netz (ohne RNI);SW;Stuttgart;13000090;4080;62,0 + 86;68,9 + 10;106200086;106890010;0;nv;nv;6824;2;85,000;B;nv
BW;DB Netz (ohne RNI);SW;Stuttgart;13000091;4080;71,7 + 40;72,8 + 55;107170040;107280055;0;nv;nv;1115;2;85,000;B;nv
BW;DB Netz (ohne RNI);SW;Stuttgart;13000092;4080;73,2 + 45;73,6 + 48;107320045;107360048;0;nv;nv;403;2;85,000;B;nv
BW;DB Netz (ohne RNI);SW;Stuttgart;13000093;4080;79,0 + 93;81,8 + 79;107900093;108180079;0;TV;nv;2786;2;92,000;B;nv
BW;DB Netz (ohne RNI);SW;Stuttgart;13000094;4080;84,1 + 66;86,0 + 44;108410066;108600044;0;nv;nv;1878;2;85,000;B;nv
BW;DB Netz (ohne RNI);SW;Stuttgart;13000098;4812;10,2 + 31;10,3 + 63;101020031;101030063;0;nv;nv;132;1;45,000;B;nv
RP;DB Netz (ohne RNI);MI;Koblenz;13000099;2631;124,4 + 17;124,5 + 94;112440017;112450094;0;nv;nv;177;1;43,000;B;nv
RP;DB Netz (ohne RNI);MI;Koblenz;13000100;2631;125,6 + 93;125,9 + 10;112560093;112590010;0;nv;nv;217;1;43,000;B;nv
RP;DB Netz (ohne RNI);MI;Koblenz;13000101;2631;127,0 + 1;128,2 + 67;112700001;112820067;0;nv;nv;1266;1;43,000;B;nv
RP;DB Netz (ohne RNI);MI;Koblenz;13000102;2631;133,2 + 94;133,7 + 14;113320094;113370014;0;nv;nv;420;1;45,000;B;nv
RP;DB Netz (ohne RNI);MI;Koblenz;13000103;2631;140,1 + 27;140,3 + 91;114010027;114030091;0;nv;nv;264;1;42,000;B;nv
RP;DB Netz (ohne RNI);MI;Koblenz;13000104;2631;140,9 + 29;141,2 + 62;114090029;114120062;0;nv;nv;333;1;42,000;B;nv
RP;DB Netz (ohne RNI);MI;Koblenz;13000105;2631;142,7 + 30;143,0 + 23;114270030;114300023;0;nv;nv;293;1;42,000;B;nv
RP;DB Netz (ohne RNI);MI;Koblenz;13000106;2631;143,9 + 21;144,1 + 21;114390021;114410021;0;nv;nv;200;1;45,000;B;nv
RP;DB Netz (ohne RNI);MI;Koblenz;13000107;2631;149,1 + 47;149,2 + 85;114910047;114920085;0;nv;nv;138;1;43,000;B;nv
RP;DB Netz (ohne RNI);MI;Koblenz;13000108;2631;160,8 + 36;161,2 + 86;116080036;116120086;0;nv;nv;450;2;68,660;B;nv
RP;DB Netz (ohne RNI);MI;Koblenz;13000109;3005;29,9 + 91;30,4 + 70;102990091;103040070;0;nv;nv;479;1;24,000;B;nv
RP;DB Netz (ohne RNI);MI;Koblenz;13000110;3005;32,6 + 2;32,7 + 88;103260002;103270088;0;nv;nv;186;1;24,000;B;nv
RP;DB Netz (ohne RNI);MI;Koblenz;13000112;3010;54,0 + 1;54,3 + 79;105400001;105430079;0;nv;nv;378;2;79,200;B;nv
RP;DB Netz (ohne RNI);MI;Koblenz;13000113;3010;60,0 + 18;60,4 + 77;106000018;106040077;0;nv;nv;459;2;50,000;B;nv
RP;DB Netz (ohne RNI);MI;Koblenz;13000114;3010;62,1 + 66;62,6 + 70;106210066;106260070;0;nv;nv;504;2;50,000;B;nv
RP;DB Netz (ohne RNI);MI;Koblenz;13000115;3010;69,7 + 15;70,2 + 34;106970015;107020034;0;nv;nv;519;2;50,000;B;nv
RP;DB Netz (ohne RNI);MI;Koblenz;13000116;3010;101,1 + 15;101,9 + 6;110110015;110190006;0;nv;nv;791;2;50,000;B;nv
RP;DB Netz (ohne RNI);MI;Koblenz;13000117;3010;133,3 + 0;133,9 + 42;113330000;113390042;0;SWN;nv;642;1;50,000;B;nv
SL;DB Netz (ohne RNI);SW;Saarbrücken;13000124;3232;3,4 + 91;3,7 + 42;100340091;100370042;0;nv;nv;251;2;46,000;B;nv
SL;DB Netz (ohne RNI);SW;Saarbrücken;13000126;3240;16,5 + 53;17,1 + 75;101650053;101710075;0;nv;nv;622;1;24,000;B;nv
SL;DB Netz (ohne RNI);SW;Saarbrücken;13000127;3240;16,5 + 53;17,1 + 74;101650053;101710074;0;nv;nv;621;1;24,000;B;nv
SL;DB Netz (ohne RNI);SW;Saarbrücken;13000128;3242;0,8 + 47;1,0 + 4;100080047;100100004;0;nv;nv;157;1;24,000;B;nv
RP;DB Netz (ohne RNI);SW;Saarbrücken;13000130;3280;56,0 + 51;56,1 + 32;105600051;105610032;0;nv;nv;81;2;56,000;B;nv
RP;DB Netz (ohne RNI);SW;Saarbrücken;13000132;3302;25,1 + 88;25,2 + 79;102510088;102520079;0;nv;nv;91;1;27,000;B;nv
RP;DB Netz (ohne RNI);SW;Saarbrücken;13000133;3303;11,6 + 79;11,7 + 35;101160079;101170035;0;nv;nv;56;1;24,000;B;nv
RP;DB Netz (ohne RNI);SW;Saarbrücken;13000134;3310;3,9 + 84;4,8 + 70;100390084;100480070;0;nv;nv;886;1;25,000;B;nv
RP;DB Netz (ohne RNI);SW;Saarbrücken;13000135;3320;3,6 + 17;4,0 + 54;100360017;100400054;0;nv;nv;437;1;47,000;B;nv
RP;DB Netz (ohne RNI);SW;Saarbrücken;13000136;3320;17,7 + 54;17,8 + 37;101770054;101780037;0;nv;nv;83;2;45,000;B;nv
RP;DB Netz (ohne RNI);SW;Saarbrücken;13000137;3320;22,1 + 76;22,5 + 44;102210076;102250044;0;nv;nv;368;2;45,000;B;nv
RP;DB Netz (ohne RNI);SW;Saarbrücken;13000138;3320;37,6 + 26;37,9 + 10;103760026;103790010;0;nv;nv;284;2;45,000;B;nv
RP;DB Netz (ohne RNI);SW;Saarbrücken;13000139;3450;60,2 + 81;61,1 + 22;106020081;106110022;0;nv;nv;841;1;46,000;B;nv
RP;DB Netz (ohne RNI);SW;Saarbrücken;13000140;3450;66,2 + 3;66,5 + 7;106620003;106650007;0;nv;nv;304;1;46,000;B;nv
RP;DB Netz (ohne RNI);MI;Mainz;13000141;3511;22,2 + 34;22,4 + 68;102220034;102240068;0;nv;nv;234;2;48,000;B;nv
RP;DB Netz (ohne RNI);MI;Mainz;13000142;3511;22,5 + 49;22,6 + 25;102250049;102260025;0;nv;nv;76;2;48,000;B;nv
RP;DB Netz (ohne RNI);MI;Mainz;13000143;3511;33,5 + 22;33,9 + 50;103350022;103390050;0;nv;nv;428;2;48,000;B;nv
RP;DB Netz (ohne RNI);MI;Mainz;13000144;3511;65,6 + 1;65,8 + 11;106560001;106580011;0;nv;nv;210;2;50,000;B;nv
RP;DB Netz (ohne RNI);MI;Mainz;13000145;3511;68,5 + 25;68,9 + 17;106850025;106890017;0;nv;nv;392;2;43,000;B;nv
RP;DB Netz (ohne RNI);MI;Mainz;13000146;3511;69,1 + 64;69,6 + 29;106910064;106960029;0;nv;nv;465;2;45,000;B;nv
RP;DB Netz (ohne RNI);MI;Mainz;13000147;3511;70,3 + 82;70,4 + 42;107030082;107040042;0;nv;nv;60;2;45,000;B;nv
RP;DB Netz (ohne RNI);MI;Mainz;13000150;3511;77,3 + 31;77,4 + 51;107730031;107740051;0;nv;nv;120;2;44,000;B;nv
RP;DB Netz (ohne RNI);MI;Mainz;13000151;3511;79,1 + 63;79,3 + 75;107910063;107930075;0;nv;nv;212;2;43,000;B;nv
SL;DB Netz (ohne RNI);SW;Saarbrücken;13000154;3511;117,9 + 9;118,2 + 22;111790009;111820022;0;nv;nv;313;2;45,000;B;nv
SL;DB Netz (ohne RNI);SW;Saarbrücken;13000155;3511;127,9 + 22;128,2 + 60;112790022;112820060;0;nv;nv;338;2;54,000;B;nv
HE;DB Netz (ohne RNI);MI;Kassel;13000156;3600;132,4 + 40;132,6 + 78;113240040;113260078;0;nv;nv;238;2;47,000;B;nv
HE;DB Netz (ohne RNI);MI;Kassel;13000157;6340;199,3 + 45;200,3 + 28;119930045;120030028;0;nv;nv;983;2;48,000;B;nv
HE;DB Netz (ohne RNI);N;Hannover;13000158;3600;218,5 + 27;218,7 + 0;121850027;121870000;0;FOBR;nv;173;2;43,000;B;nv
NW;DB Netz (ohne RNI);W;Hamm;13000159;2200;100,6 + 43;101,2 + 24;110060043;110120024;0;nv;nv;581;2;56,000;B;nv
NW;DB Netz (ohne RNI);W;Duisburg;13000161;2125;1,0 + 10;1,5 + 75;100100010;100150075;0;nv;nv;565;2;62,000;O;nv
HE;DB Netz (ohne RNI);MI;Kassel;13000162;3600;177,8 + 14;178,5 + 33;117780014;117850033;0;FCG;nv;719;2;47,000;B;nv
NW;DB Netz (ohne RNI);W;Hagen;13000163;2113;5,5 + 73;6,3 + 68;100550073;100630068;0;nv;nv;795;2;48,000;B;nv
HE;DB Netz (ohne RNI);MI;Kassel;13000165;3600;78,1 + 85;81,8 + 22;107810085;108180022;1;nv;nv;3637;1;37,800;B;nv
NW;DB Netz (ohne RNI);W;Duisburg;13000166;2161;4,7 + 49;4,9 + 96;100470049;100490096;0;EESA;nv;247;1;45,000;B;nv
HE;DB Netz (ohne RNI);MI;Kassel;13000167;3825;12,4 + 34;12,6 + 70;101240034;101260070;0;nv;nv;233;2;48,000;B;nv
NW;DB Netz (ohne RNI);W;Duisburg;13000168;2400;16,4 + 12;16,7 + 38;101640012;101670038;0;EHOS;nv;326;2;47,000;B;nv
HE;DB Netz (ohne RNI);MI;Kassel;13000169;3825;13,1 + 12;13,2 + 63;101310012;101320063;0;nv;nv;151;2;48,000;B;nv
NW;DB Netz (ohne RNI);W;Düsseldorf;13000172;2143;16,8 + 7;17,7 + 42;101680007;101770042;0;nv;nv;935;1;52,000;B;nv
HE;DB Netz (ohne RNI);MI;Kassel;13000173;3825;22,1 + 80;23,2 + 72;102210080;102320072;0;nv;nv;1092;2;49,000;B;nv
HE;DB Netz (ohne RNI);MI;Kassel;13000175;3825;30,4 + 56;30,6 + 64;103040056;103060064;0;nv;nv;208;2;48,000;B;nv
NW;DB Netz (ohne RNI);W;Hagen;13000176;2810;39,6 + 12;39,9 + 96;103960012;103990096;0;nv;nv;384;1;40,000;B;nv
NW;DB Netz (ohne RNI);W;Hagen;13000177;2815;0,6 + 67;1,0 + 67;100060067;100100067;0;nv;nv;400;1;37,000;B;nv
HE;DB Netz (ohne RNI);MI;Kassel;13000179;6340;232,1 + 73;232,4 + 12;123210073;123240012;0;nv;nv;239;2;48,000;B;nv
HE;DB Netz (ohne RNI);MI;Kassel;13000180;6340;250,3 + 63;250,7 + 97;125030063;125070097;0;nv;nv;434;2;48,000;B;nv
HE;RNI;MI;Kurhessenbahn (RNI);13000187;2972;80,4 + 5;80,5 + 90;108040005;108050090;0;nv;nv;185;1;24,000;B;nv
HE;DB Netz (ohne RNI);MI;Frankfurt (Main);13000192;3710;25,8 + 99;26,3 + 94;102580099;102630094;0;nv;nv;495;2;41,000;B;nv
HE;DB Netz (ohne RNI);MI;Frankfurt (Main);13000193;3710;26,7 + 4;27,1 + 37;102670004;102710037;0;nv;nv;433;2;41,000;B;nv
HE;DB Netz (ohne RNI);MI;Frankfurt (Main);13000194;3710;27,4 + 46;27,6 + 69;102740046;102760069;0;nv;nv;223;2;41,000;B;nv
HE;DB Netz (ohne RNI);MI;Frankfurt (Main);13000195;3710;29,3 + 25;29,4 + 52;102930025;102940052;0;nv;nv;127;2;41,000;B;nv
HE;DB Netz (ohne RNI);MI;Frankfurt (Main);13000196;3710;40,7 + 26;40,9 + 54;104070026;104090054;0;nv;nv;228;2;41,000;B;nv
RP;DB Netz (ohne RNI);MI;Frankfurt (Main);13000198;3710;55,1 + 22;55,1 + 87;105510022;105510087;0;nv;nv;65;2;42,000;B;nv
RP;DB Netz (ohne RNI);MI;Frankfurt (Main);13000199;3710;56,3 + 24;56,4 + 31;105630024;105640031;0;nv;nv;107;2;42,000;B;nv
RP;DB Netz (ohne RNI);MI;Frankfurt (Main);13000200;3710;57,4 + 53;57,8 + 77;105740053;105780077;0;nv;nv;424;2;42,000;B;nv
RP;DB Netz (ohne RNI);MI;Frankfurt (Main);13000201;3710;59,8 + 58;60,1 + 20;105980058;106010020;0;nv;nv;262;1;42,000;B;nv
RP;DB Netz (ohne RNI);MI;Frankfurt (Main);13000202;3710;60,1 + 99;60,3 + 92;106010099;106030092;0;nv;nv;193;1;42,000;B;nv
RP;DB Netz (ohne RNI);MI;Frankfurt (Main);13000203;3710;62,6 + 23;63,3 + 55;106260023;106330055;0;nv;nv;732;2;42,000;B;nv
RP;DB Netz (ohne RNI);MI;Frankfurt (Main);13000204;3710;67,7 + 46;67,9 + 71;106770046;106790071;0;nv;nv;225;2;41,000;B;nv
RP;DB Netz (ohne RNI);MI;Frankfurt (Main);13000205;3710;72,2 + 52;72,8 + 44;107220052;107280044;0;nv;nv;592;2;42,000;B;nv
RP;DB Netz (ohne RNI);MI;Frankfurt (Main);13000206;3710;74,4 + 84;74,9 + 34;107440084;107490034;0;nv;nv;450;2;42,000;B;nv
RP;DB Netz (ohne RNI);MI;Frankfurt (Main);13000207;3710;75,1 + 5;75,3 + 39;107510005;107530039;0;nv;nv;234;2;67,000;B;nv
RP;DB Netz (ohne RNI);MI;Frankfurt (Main);13000208;3710;76,1 + 41;76,4 + 62;107610041;107640062;0;nv;nv;321;2;65,000;B;nv
HE;DB Netz (ohne RNI);MI;Mainz;13000209;3501;16,8 + 78;17,1 + 13;101680078;101710013;1;nv;nv;235;1;44,000;B;nv
RP;DB Netz (ohne RNI);MI;Mainz;13000214;3507;88,0 + 32;88,4 + 89;108800032;108840089;0;nv;nv;457;2;48,700;B;nv
RP;DB Netz (ohne RNI);MI;Mainz;13000215;3507;88,0 + 70;88,4 + 48;108800070;108840048;0;nv;nv;378;2;41,000;B;nv
RP;DB Netz (ohne RNI);MI;Koblenz;13000216;3507;91,7 + 4;92,1 + 21;109170004;109210021;1;nv;nv;417;2;48,700;B;nv
RP;DB Netz (ohne RNI);MI;Koblenz;13000217;3507;91,7 + 33;92,0 + 78;109170033;109200078;2;nv;nv;345;2;41,000;B;nv
HE;DB Netz (ohne RNI);MI;Mainz;13000218;3554;21,2 + 8;21,4 + 46;102120008;102140046;0;nv;nv;238;1;45,000;B;nv
HE;DB Netz (ohne RNI);MI;Mainz;13000219;4113;19,0 + 36;22,1 + 36;101900036;102210036;0;nv;nv;3100;1;24,000;B;nv
HE;DB Netz (ohne RNI);MI;Mainz;13000220;4113;49,5 + 46;50,7 + 51;104950046;105070051;0;nv;nv;1205;1;42,000;B;nv
HE;DB Netz (ohne RNI);MI;Frankfurt (Main);13000223;3701;42,8 + 93;43,5 + 66;104280093;104350066;0;nv;nv;673;1;42,000;B;nv
HE;DB Netz (ohne RNI);MI;Frankfurt (Main);13000225;3701;58,4 + 8;58,9 + 43;105840008;105890043;0;nv;nv;535;1;41,000;B;nv
RP;DB Netz (ohne RNI);MI;Mainz;13000226;2630;125,7 + 33;126,1 + 0;112570033;112610000;0;nv;nv;367;2;48,000;B;nv
RP;DB Netz (ohne RNI);MI;Mainz;13000227;2630;127,6 + 67;127,9 + 3;112760067;112790003;0;nv;nv;236;2;48,000;B;nv
RP;DB Netz (ohne RNI);MI;Mainz;13000228;2630;128,2 + 31;128,5 + 20;112820031;112850020;0;nv;nv;289;2;48,000;B;nv
RP;DB Netz (ohne RNI);MI;Mainz;13000229;3520;0,4 + 18;1,0 + 73;100040018;100100073;2;nv;nv;655;2;74,000;B;nv
RP;DB Netz (ohne RNI);MI;Mainz;13000230;3520;1,3 + 73;1,6 + 14;100130073;100160014;2;FMS;nv;241;2;74,000;B;nv
RP;DB Netz (ohne RNI);MI;Mainz;13000231;3523;37,5 + 71;37,9 + 49;103750071;103790049;0;nv;nv;378;1;31,000;B;nv
HE;DB Netz (ohne RNI);MI;Frankfurt (Main);13000232;3612;0,6 + 65;0,9 + 35;100060065;100090035;0;nv;nv;598;1;28,000;B;nv
HE;DB Netz (ohne RNI);MI;Frankfurt (Main);13000233;3611;0,8 + 2;0,8 + 56;100080002;100080056;0;nv;nv;461;1;29,000;B;nv
HE;DB Netz (ohne RNI);MI;Frankfurt (Main);13000234;3610;0,3 + 95;0,7 + 69;100030095;100070069;0;nv;nv;374;1;33,000;B;nv
HE;DB Netz (ohne RNI);MI;Frankfurt (Main);13000235;3610;0,3 + 95;0,7 + 69;100030095;100070069;0;nv;nv;374;1;32,400;B;nv
HE;DB Netz (ohne RNI);MI;Frankfurt (Main);13000237;3682;50,3 + 0;50,6 + 87;105030000;105060087;0;nv;nv;387;1;33,600;O;nv
HE;DB Netz (ohne RNI);MI;Frankfurt (Main);13000238;3681;50,0 + 77;50,1 + 34;105000077;105010034;0;nv;nv;57;2;55,000;O;nv
HE;DB Netz (ohne RNI);MI;Frankfurt (Main);13000241;3681;50,1 + 18;50,2 + 14;105010018;105020014;0;nv;nv;96;2;96,000;O;nv
HE;DB Netz (ohne RNI);MI;Frankfurt (Main);13000242;3683;10,2 + 53;11,5 + 86;101020053;101150086;0;nv;nv;2232;2;51,000;B;nv
HE;DB Netz (ohne RNI);MI;Frankfurt (Main);13000244;3683;11,5 + 86;12,4 + 85;101150086;101240085;0;FFLU;nv;899;2;66,000;B;nv
HE;DB Netz (ohne RNI);MI;Frankfurt (Main);13000245;3681;51,7 + 27;51,9 + 67;105170027;105190067;0;nv;nv;240;4;54,400;O;nv
HE;DB Netz (ohne RNI);MI;Frankfurt (Main);13000246;3681;50,1 + 34;50,3 + 5;105010034;105030005;0;nv;nv;171;2;86,400;O;nv
NW;DB Netz (ohne RNI);W;Hagen;13000247;2864;14,0 + 34;15,1 + 7;101400034;101510007;0;nv;nv;1073;1;47,000;B;nv
NW;DB Netz (ohne RNI);W;Hagen;13000248;2864;16,6 + 86;17,7 + 20;101660086;101770020;0;nv;nv;1034;1;46,000;B;nv
NW;DB Netz (ohne RNI);W;Hagen;13000249;2864;18,5 + 99;18,8 + 18;101850099;101880018;0;nv;nv;219;1;41,000;B;nv
NW;DB Netz (ohne RNI);W;Hagen;13000251;2810;10,1 + 42;10,3 + 75;101010042;101030075;0;nv;nv;233;1;37,000;B;nv
NW;DB Netz (ohne RNI);W;Hagen;13000252;2810;14,9 + 84;15,1 + 36;101490084;101510036;0;nv;nv;152;1;38,000;B;nv
NW;DB Netz (ohne RNI);W;Hagen;13000254;2810;21,8 + 88;22,1 + 26;102180088;102210026;0;nv;nv;238;1;35,000;B;nv
NW;DB Netz (ohne RNI);W;Hagen;13000256;2813;4,7 + 5;5,1 + 5;100470005;100510005;0;nv;nv;400;1;33,000;B;nv
NW;DB Netz (ohne RNI);W;Hagen;13000257;2840;159,2 + 99;160,1 + 55;115920099;116010055;0;nv;nv;856;2;51,000;B;nv
NW;DB Netz (ohne RNI);W;Hagen;13000258;2853;6,8 + 81;6,9 + 98;100680081;100690098;0;nv;nv;117;1;37,000;B;nv
NW;DB Netz (ohne RNI);W;Hagen;13000259;2853;7,9 + 39;8,2 + 16;100790039;100820016;0;nv;nv;277;1;37,000;B;nv
NW;DB Netz (ohne RNI);W;Hagen;13000260;2423;65,3 + 59;66,3 + 3;106530059;106630003;0;nv;nv;944;1;48,000;B;nv
NW;DB Netz (ohne RNI);W;Hagen;13000261;2819;1,6 + 34;1,6 + 2234;100160034;100162234;0;nv;nv;2200;2;53,000;B;nv
NW;DB Netz (ohne RNI);W;Hagen;13000262;2800;25,4 + 16;26,0 + 43;102540016;102600043;0;nv;nv;627;2;52,000;B;nv
NW;DB Netz (ohne RNI);W;Hagen;13000263;2800;28,6 + 82;28,7 + 65;102860082;102870065;0;nv;nv;83;2;46,000;B;nv
NW;DB Netz (ohne RNI);W;Hagen;13000264;2800;29,2 + 53;29,3 + 97;102920053;102930097;0;nv;nv;144;2;48,000;B;nv
NW;DB Netz (ohne RNI);W;Hagen;13000265;2800;32,0 + 0;32,9 + 35;103200000;103290035;0;nv;nv;935;2;51,000;B;nv
NW;DB Netz (ohne RNI);W;Hagen;13000266;2800;35,2 + 43;36,0 + 38;103520043;103600038;1;nv;nv;793;2;51,000;B;nv
NW;DB Netz (ohne RNI);W;Hagen;13000267;2800;38,7 + 78;39,0 + 0;103870078;103900000;0;nv;nv;222;2;51,000;B;nv
NW;DB Netz (ohne RNI);W;Hagen;13000268;2800;40,1 + 15;40,4 + 30;104010015;104040030;1;nv;nv;315;2;51,000;B;nv
NW;DB Netz (ohne RNI);W;Hagen;13000269;2800;42,8 + 36;43,1 + 42;104280036;104310042;1;nv;nv;306;2;51,000;B;nv
NW;DB Netz (ohne RNI);W;Hagen;13000270;2800;51,0 + 53;51,1 + 48;105100053;105110048;1;nv;nv;95;2;51,000;B;nv
NW;DB Netz (ohne RNI);W;Hagen;13000271;2800;85,4 + 66;86,1 + 64;108540066;108610064;0;nv;nv;698;2;59,000;B;nv
NW;DB Netz (ohne RNI);W;Hagen;13000272;2880;110,8 + 50;111,2 + 0;111080050;111120000;1;nv;nv;350;2;53,000;B;nv
NW;DB Netz (ohne RNI);W;Hagen;13000273;2881;0,4 + 49;1,1 + 81;100040049;100110081;0;nv;nv;732;1;38,000;B;nv
NW;DB Netz (ohne RNI);W;Hagen;13000274;2800;105,0 + 5;105,7 + 5;110500005;110570005;0;nv;nv;700;2;53,000;B;nv
NW;DB Netz (ohne RNI);W;Hagen;13000275;2800;117,6 + 30;120,2 + 82;111760030;112020082;0;nv;nv;2652;2;53,000;B;nv
NW;DB Netz (ohne RNI);W;Hagen;13000276;2870;12,3 + 6;12,4 + 98;101230006;101240098;0;nv;nv;192;1;36,000;B;nv
NW;DB Netz (ohne RNI);W;Hagen;13000277;2870;18,5 + 50;18,8 + 20;101850050;101880020;0;nv;nv;282;1;35,000;B;nv
NW;DB Netz (ohne RNI);W;Hagen;13000278;2870;19,5 + 14;19,7 + 27;101950014;101970027;0;nv;nv;213;1;39,000;B;nv
HE;RNI;MI;Kurhessenbahn (RNI);13000279;2870;35,2 + 76;35,5 + 97;103520076;103550097;0;nv;nv;321;1;37,000;B;nv
NW;DB Netz (ohne RNI);W;Hagen;13000282;2550;198,1 + 90;198,4 + 66;119810090;119840066;0;nv;nv;276;2;47,000;B;nv
NW;DB Netz (ohne RNI);W;Hagen;13000283;2550;206,5 + 7;207,1 + 92;120650007;120710092;0;nv;nv;685;2;54,000;B;nv
NW;DB Netz (ohne RNI);W;Hagen;13000284;2550;208,5 + 26;209,1 + 76;120850026;120910076;0;nv;nv;650;2;50,000;B;nv
NW;DB Netz (ohne RNI);W;Hagen;13000285;2550;232,2 + 78;232,5 + 25;123220078;123250025;0;nv;nv;247;2;48,000;B;nv
NW;DB Netz (ohne RNI);W;Hagen;13000286;2550;240,0 + 85;241,4 + 78;124000085;124140078;0;nv;nv;1393;2;51,000;B;nv
NW;DB Netz (ohne RNI);W;Hagen;13000287;2550;249,3 + 53;249,6 + 72;124930053;124960072;0;nv;nv;319;1;50,000;B;nv
NW;DB Netz (ohne RNI);W;Hagen;13000288;2550;253,3 + 22;253,5 + 59;125330022;125350059;0;nv;nv;237;1;50,000;B;nv
NW;DB Netz (ohne RNI);W;Hagen;13000292;2961;56,0 + 71;56,3 + 51;105600071;105630051;0;nv;nv;280;1;34,000;B;nv
NW;DB Netz (ohne RNI);W;Hagen;13000293;2880;115,7 + 8;115,9 + 39;111570008;111590039;1;nv;nv;232;2;51,000;B;nv
NW;DB Netz (ohne RNI);W;Hagen;13000294;2880;116,9 + 87;117,2 + 17;111690087;111720017;0;nv;nv;232;2;53,000;B;nv
NW;DB Netz (ohne RNI);W;Hagen;13000295;2880;119,1 + 96;119,3 + 22;111910096;111930022;0;nv;nv;127;2;51,000;B;nv
NW;DB Netz (ohne RNI);W;Hagen;13000296;2651;72,9 + 58;73,3 + 2;107290058;107330002;0;nv;nv;344;2;53,000;B;nv
NW;DB Netz (ohne RNI);W;Hagen;13000297;2651;76,8 + 37;77,0 + 69;107680037;107700069;0;nv;nv;232;2;52,000;B;nv
NW;DB Netz (ohne RNI);W;Hagen;13000298;2651;79,3 + 43;79,3 + 75;107930043;107930075;0;nv;nv;32;2;51,000;B;nv
RP;DB Netz (ohne RNI);W;Hagen;13000299;2651;84,3 + 19;84,4 + 50;108430019;108440050;0;nv;nv;131;1;54,000;B;nv
RP;DB Netz (ohne RNI);W;Hagen;13000300;2651;88,6 + 36;88,7 + 73;108860036;108870073;0;nv;nv;137;1;53,000;B;nv
NW;DB Netz (ohne RNI);W;Hagen;13000301;2190;14,1 + 97;14,3 + 78;101410097;101430078;0;nv;nv;181;2;50,000;O;nv
NW;DB Netz (ohne RNI);W;Hagen;13000302;2190;14,6 + 0;15,2 + 80;101460000;101520080;0;nv;nv;680;2;52,000;O;nv
NW;DB Netz (ohne RNI);W;Hagen;13000303;2190;15,5 + 7;15,5 + 48;101550007;101550048;0;nv;nv;41;2;60,000;O;nv
NW;DB Netz (ohne RNI);W;Hagen;13000304;2190;16,2 + 10;16,3 + 19;101620010;101630019;0;EDDP;nv;109;2;47,000;O;nv
HE;DB Netz (ohne RNI);MI;Frankfurt (Main);13000305;3681;52,2 + 95;52,5 + 29;105220095;105250029;0;nv;nv;234;2;54,400;O;nv
NW;DB Netz (ohne RNI);W;Hagen;13000306;2190;16,5 + 33;16,5 + 42;101650033;101650042;0;EDDP;nv;9;2;50,000;O;nv
HE;DB Netz (ohne RNI);MI;Kassel;13000309;1733;249,8 + 38;250,6 + 11;124980038;125060011;0;nv;nv;773;2;82,000;B;nv
HE;DB Netz (ohne RNI);MI;Kassel;13000311;1733;247,9 + 35;249,2 + 22;124790035;124920022;0;nv;nv;1287;2;82,000;B;nv
HE;DB Netz (ohne RNI);MI;Kassel;13000313;1733;246,5 + 10;247,2 + 63;124650010;124720063;0;nv;nv;753;2;82,000;B;nv
HE;DB Netz (ohne RNI);MI;Kassel;13000315;1733;241,2 + 44;241,9 + 58;124120044;124190058;0;nv;nv;714;2;82,000;B;nv
HE;DB Netz (ohne RNI);MI;Frankfurt (Main);13000318;3682;53,1 + 84;53,5 + 32;105310084;105350032;0;nv;nv;348;1;54,400;O;nv
HE;DB Netz (ohne RNI);MI;Frankfurt (Main);13000320;3681;54,5 + 50;54,7 + 63;105450050;105470063;0;nv;nv;213;2;54,400;O;nv
HE;DB Netz (ohne RNI);MI;Frankfurt (Main);13000322;3688;55,6 + 81;55,8 + 94;105560081;105580094;0;FFS;nv;213;2;66,000;B;nv
HE;DB Netz (ohne RNI);MI;Kassel;13000323;1733;231,3 + 54;231,7 + 6;123130054;123170006;0;nv;nv;352;2;82,000;O;nv
HE;DB Netz (ohne RNI);MI;Kassel;13000324;1733;223,6 + 75;231,0 + 50;122360075;123100050;0;nv;nv;7375;2;82,000;B;nv
HE;DB Netz (ohne RNI);MI;Kassel;13000325;1733;220,1 + 76;220,5 + 63;122010076;122050063;0;nv;nv;387;2;82,000;B;nv
HE;DB Netz (ohne RNI);MI;Kassel;13000326;1733;216,6 + 97;217,6 + 73;121660097;121760073;0;nv;nv;976;2;82,000;B;nv
HE;DB Netz (ohne RNI);MI;Kassel;13000327;1733;215,3 + 97;216,1 + 93;121530097;121610093;0;FLSW;nv;796;2;82,000;B;nv
HE;DB Netz (ohne RNI);MI;Kassel;13000328;1733;212,7 + 66;213,3 + 23;121270066;121330023;0;nv;nv;557;2;82,000;B;nv
HE;DB Netz (ohne RNI);MI;Kassel;13000329;1733;208,1 + 35;211,6 + 45;120810035;121160045;0;nv;nv;3510;2;82,000;B;nv
HE;DB Netz (ohne RNI);MI;Kassel;13000330;1733;204,9 + 30;205,7 + 65;120490030;120570065;0;nv;nv;835;2;82,000;B;nv
HE;DB Netz (ohne RNI);MI;Kassel;13000331;1733;203,8 + 53;204,2 + 97;120380053;120420097;0;nv;nv;444;2;82,000;B;nv
HE;DB Netz (ohne RNI);MI;Kassel;13000332;1733;199,0 + 36;202,8 + 56;119900036;120280056;0;nv;nv;3820;2;82,000;B;nv
HE;DB Netz (ohne RNI);MI;Kassel;13000333;1733;197,1 + 55;197,9 + 93;119710055;119790093;0;FKHM;nv;838;2;82,000;B;nv
HE;DB Netz (ohne RNI);MI;Kassel;13000334;1733;194,2 + 93;195,8 + 10;119420093;119580010;0;nv;nv;1517;2;82,000;B;nv
HE;DB Netz (ohne RNI);MI;Kassel;13000335;1733;192,9 + 21;193,9 + 64;119290021;119390064;0;nv;nv;1043;2;82,000;B;nv
HE;DB Netz (ohne RNI);MI;Kassel;13000336;1733;191,6 + 10;191,9 + 31;119160010;119190031;0;nv;nv;321;2;82,000;B;nv
HE;DB Netz (ohne RNI);MI;Kassel;13000337;1733;189,8 + 30;191,5 + 27;118980030;119150027;0;nv;nv;1697;2;82,000;B;nv
HE;DB Netz (ohne RNI);MI;Kassel;13000338;1733;183,7 + 39;189,1 + 9;118370039;118910009;0;nv;nv;5370;2;82,000;B;nv
HE;DB Netz (ohne RNI);MI;Kassel;13000339;1733;180,6 + 74;183,5 + 9;118060074;118350009;0;nv;nv;2835;2;82,000;B;nv
HE;DB Netz (ohne RNI);MI;Kassel;13000340;1733;175,3 + 48;178,1 + 55;117530048;117810055;0;nv;nv;2807;2;82,000;B;nv
HE;DB Netz (ohne RNI);MI;Kassel;13000341;1733;170,7 + 60;173,4 + 68;117070060;117340068;0;nv;nv;2708;2;82,000;B;nv
HE;DB Netz (ohne RNI);MI;Kassel;13000342;1733;167,4 + 55;169,0 + 96;116740055;116900096;0;nv;nv;1641;2;82,000;B;nv
HE;DB Netz (ohne RNI);MI;Kassel;13000343;1733;165,1 + 70;167,0 + 31;116510070;116700031;0;nv;nv;1861;2;82,000;B;nv
HE;DB Netz (ohne RNI);MI;Kassel;13000344;1733;163,6 + 13;165,1 + 33;116360013;116510033;0;nv;nv;1520;2;82,000;B;nv
HE;DB Netz (ohne RNI);MI;Kassel;13000345;1733;162,7 + 54;162,9 + 83;116270054;116290083;0;nv;nv;229;2;82,000;O;nv
HE;DB Netz (ohne RNI);MI;Kassel;13000346;1733;157,1 + 37;159,5 + 37;115710037;115950037;0;nv;nv;2400;2;82,000;B;nv
HE;DB Netz (ohne RNI);MI;Kassel;13000347;1733;153,9 + 79;154,7 + 18;115390079;115470018;0;nv;nv;739;2;82,000;O;nv
HE;DB Netz (ohne RNI);MI;Kassel;13000348;1733;150,0 + 44;151,6 + 13;115000044;115160013;0;nv;nv;1569;2;82,000;B;nv
HE;DB Netz (ohne RNI);MI;Kassel;13000349;1733;134,1 + 66;134,7 + 20;113410066;113470020;0;nv;nv;554;2;82,000;B;nv
BY;DB Netz (ohne RNI);S;Augsburg;13000350;5323;0,1 + 73;0,4 + 5;100010073;100040005;0;nv;nv;232;1;25,000;B;nv
BY;DB Netz (ohne RNI);S;Augsburg;13000353;5501;128,8 + 80;128,9 + 88;112880080;112890088;0;nv;nv;108;2;47,000;B;nv
BY;DB Netz (ohne RNI);S;München;13000354;5505;1,9 + 49;2,2 + 14;100190049;100220014;1;nv;nv;265;2;51,300;O;nv
BY;DB Netz (ohne RNI);S;München;13000356;5540;0,0 + 65;0,5 + 30;100000065;100050030;0;nv;nv;465;2;64,000;O;nv
BY;DB Netz (ohne RNI);S;München;13000358;5550;0,1 + 97;0,4 + 12;100010097;100040012;1;nv;nv;215;2;71,000;O;nv
BY;DB Netz (ohne RNI);S;München;13000360;5550;0,6 + 72;1,1 + 15;100060072;100110015;2;nv;nv;443;2;67,000;O;nv
BY;DB Netz (ohne RNI);S;München;13000362;5550;1,3 + 94;1,8 + 48;100130094;100180048;1;nv;nv;454;2;50,000;O;nv
BY;DB Netz (ohne RNI);S;München;13000364;5550;2,1 + 13;2,8 + 19;100210013;100280019;0;MIT;nv;706;2;20,000;O;nv
BY;DB Netz (ohne RNI);S;München;13000365;5550;2,1 + 14;2,8 + 19;100210014;100280019;0;MIT;nv;705;2;73,000;O;nv
BY;DB Netz (ohne RNI);S;München;13000367;5550;3,0 + 69;3,6 + 48;100300069;100360048;0;nv;nv;579;2;51,000;O;nv
NW;DB Netz (ohne RNI);W;Hamm;13000384;1760;107,9 + 24;109,5 + 56;110790024;110950056;0;nv;nv;1632;2;65,000;B;nv
NI;DB Netz (ohne RNI);SO;Halle;13000385;1810;141,0 + 39;141,3 + 8;114100039;114130008;0;nv;nv;269;1;55,000;B;nv
NI;DB Netz (ohne RNI);N;Hannover;13000386;1940;108,6 + 29;108,8 + 34;110860029;110880034;0;nv;nv;205;1;65,000;B;nv
NI;DB Netz (ohne RNI);N;Hannover;13000387;1940;113,1 + 14;113,9 + 98;111310014;111390098;0;nv;nv;884;1;60,000;B;nv
NW;DB Netz (ohne RNI);W;Hamm;13000388;2974;7,1 + 72;7,4 + 17;100710072;100740017;0;nv;nv;245;2;60,000;B;nv
NI;DB Netz (ohne RNI);N;Hannover;13000389;2975;21,9 + 26;22,5 + 56;102190026;102250056;0;nv;nv;630;1;50,000;B;nv
NI;DB Netz (ohne RNI);N;Hannover;13000390;2975;44,0 + 11;44,9 + 70;104400011;104490070;0;nv;nv;960;1;50,000;B;nv
NI;DB Netz (ohne RNI);N;Hannover;13000392;1733;29,4 + 96;33,1 + 83;102940096;103310083;0;nv;nv;3687;2;82,000;B;nv
NI;DB Netz (ohne RNI);N;Hannover;13000393;1733;34,9 + 23;36,0 + 80;103490023;103600080;0;nv;nv;1157;2;82,000;B;nv
NI;DB Netz (ohne RNI);N;Hannover;13000394;1733;36,7 + 55;37,0 + 87;103670055;103700087;0;nv;nv;332;2;82,000;B;nv
NI;DB Netz (ohne RNI);N;Hannover;13000395;1733;48,4 + 58;49,7 + 80;104840058;104970080;0;nv;nv;1322;2;82,000;B;nv
NI;DB Netz (ohne RNI);N;Hannover;13000396;1733;58,0 + 32;59,6 + 73;105800032;105960073;0;nv;nv;1641;2;82,000;B;nv
NI;DB Netz (ohne RNI);N;Hannover;13000397;1733;60,5 + 59;60,9 + 79;106050059;106090079;0;nv;nv;420;2;82,000;B;nv
NI;DB Netz (ohne RNI);N;Hannover;13000398;1733;63,4 + 29;64,1 + 90;106340029;106410090;0;nv;nv;761;2;82,000;B;nv
NI;DB Netz (ohne RNI);N;Hannover;13000399;1733;66,6 + 47;68,3 + 76;106660047;106830076;0;nv;nv;1729;2;82,000;B;nv
NI;DB Netz (ohne RNI);N;Hannover;13000400;1733;69,4 + 65;72,4 + 26;106940065;107240026;0;nv;nv;2994;2;82,000;B;nv
NI;DB Netz (ohne RNI);N;Hannover;13000401;1733;108,3 + 90;110,1 + 30;110830090;111010030;0;nv;nv;1740;2;82,000;B;nv
NI;DB Netz (ohne RNI);N;Hannover;13000402;1733;110,7 + 26;111,3 + 99;111070026;111130099;0;nv;nv;673;2;82,000;B;nv
NI;DB Netz (ohne RNI);N;Hannover;13000403;1733;112,6 + 93;113,5 + 42;111260093;111350042;0;nv;nv;849;2;82,000;B;nv
NI;DB Netz (ohne RNI);MI;Kassel;13000404;1733;114,3 + 99;119,6 + 10;111430099;111960010;0;nv;nv;5210;2;82,000;B;nv
NI;DB Netz (ohne RNI);MI;Kassel;13000405;1733;120,9 + 74;131,4 + 99;112090074;113140099;0;nv;nv;10525;2;82,000;B;nv
NI;DB Netz (ohne RNI);MI;Kassel;13000406;1733;131,7 + 60;133,1 + 6;113170060;113310006;0;nv;nv;1346;2;82,000;B;nv
BW;DB Netz (ohne RNI);SW;Freiburg;13000407;4000;255,2 + 77;255,5 + 20;125520077;125550020;0;nv;nv;243;2;46,000;B;nv
BW;DB Netz (ohne RNI);SW;Freiburg;13000408;4000;255,9 + 53;256,0 + 82;125590053;125600082;0;nv;nv;129;2;46,000;B;nv
BW;DB Netz (ohne RNI);SW;Freiburg;13000409;4000;256,8 + 14;257,1 + 21;125680014;125710021;0;nv;nv;307;2;46,000;B;nv
BW;DB Netz (ohne RNI);SW;Freiburg;13000410;4000;311,3 + 89;311,7 + 26;131130089;131170026;0;nv;nv;337;1;45,000;B;nv
BW;DB Netz (ohne RNI);SW;Freiburg;13000411;4000;326,7 + 83;327,1 + 35;132670083;132710035;0;nv;nv;352;1;46,000;B;nv
BW;DB Netz (ohne RNI);SW;Freiburg;13000412;4410;2,9 + 42;3,8 + 6;100290042;100380006;0;nv;nv;864;1;30,000;B;nv
BW;DB Netz (ohne RNI);SW;Freiburg;13000413;4300;0,9 + 48;1,4 + 62;100090048;100140062;0;nv;nv;514;1;50,000;B;nv
BW;DB Netz (ohne RNI);SW;Freiburg;13000414;4300;1,9 + 29;2,2 + 31;100190029;100220031;0;nv;nv;302;1;50,000;B;nv
BW;DB Netz (ohne RNI);SW;Freiburg;13000416;4300;16,9 + 20;16,9 + 92;101690020;101690092;0;nv;nv;72;1;26,000;B;nv
BW;DB Netz (ohne RNI);SW;Freiburg;13000417;4300;17,2 + 61;17,3 + 80;101720061;101730080;0;nv;nv;119;1;26,000;B;nv
BW;DB Netz (ohne RNI);SW;Freiburg;13000418;4300;17,4 + 97;17,5 + 66;101740097;101750066;0;nv;nv;69;1;26,000;B;nv
BW;DB Netz (ohne RNI);SW;Freiburg;13000419;4300;19,0 + 75;19,2 + 78;101900075;101920078;0;nv;nv;203;1;26,000;B;nv
BW;DB Netz (ohne RNI);SW;Freiburg;13000420;4300;22,7 + 51;22,7 + 99;102270051;102270099;0;nv;nv;48;1;26,000;B;nv
BW;DB Netz (ohne RNI);SW;Freiburg;13000422;4300;23,0 + 84;23,3 + 32;102300084;102330032;0;nv;nv;248;1;26,000;B;nv
BW;DB Netz (ohne RNI);SW;Freiburg;13000423;4300;23,7 + 83;23,8 + 65;102370083;102380065;0;nv;nv;82;1;26,000;B;nv
BW;DB Netz (ohne RNI);SW;Freiburg;13000424;4300;41,5 + 51;41,7 + 18;104150051;104170018;0;nv;nv;167;1;25,000;B;nv
BW;DB Netz (ohne RNI);SW;Freiburg;13000425;4300;42,3 + 71;42,5 + 91;104230071;104250091;0;nv;nv;220;1;25,000;B;nv
BW;DB Netz (ohne RNI);SW;Freiburg;13000426;4300;42,8 + 92;42,9 + 97;104280092;104290097;0;nv;nv;105;1;25,000;B;nv
BW;DB Netz (ohne RNI);SW;Freiburg;13000427;4300;43,7 + 51;43,9 + 55;104370051;104390055;0;nv;nv;204;1;25,000;B;nv
BW;DB Netz (ohne RNI);SW;Karlsruhe;13000428;4100;19,3 + 63;21,8 + 50;101930063;102180050;0;nv;nv;2487;2;50,000;B;nv
BW;DB Netz (ohne RNI);SW;Karlsruhe;13000429;4111;0,8 + 30;0,9 + 77;100080030;100090077;0;nv;nv;147;2;50,000;B;nv
BW;DB Netz (ohne RNI);SW;Karlsruhe;13000430;4111;4,1 + 24;4,2 + 63;100410024;100420063;0;nv;nv;139;2;50,000;B;nv
BW;DB Netz (ohne RNI);SW;Karlsruhe;13000431;4111;13,6 + 32;13,9 + 73;101360032;101390073;0;nv;nv;341;2;48,000;B;nv
BW;DB Netz (ohne RNI);SW;Karlsruhe;13000432;4111;15,3 + 15;16,2 + 80;101530015;101620080;0;nv;nv;965;2;48,000;B;nv
BW;DB Netz (ohne RNI);SW;Stuttgart;13000433;4111;21,5 + 60;22,1 + 29;102150060;102210029;0;REA;nv;569;2;50,000;B;nv
BW;DB Netz (ohne RNI);SW;Stuttgart;13000434;4111;36,3 + 62;37,2 + 15;103630062;103720015;0;nv;nv;853;2;55,000;B;nv
BW;DB Netz (ohne RNI);SW;Stuttgart;13000435;4111;49,1 + 38;49,9 + 4;104910038;104990004;0;nv;nv;766;2;45,000;B;nv
BW;DB Netz (ohne RNI);SW;Stuttgart;13000436;4120;60,3 + 7;60,6 + 77;106030007;106060077;0;nv;nv;370;2;45,000;B;nv
BW;DB Netz (ohne RNI);SW;Stuttgart;13000437;4120;66,0 + 5;66,5 + 48;106600005;106650048;0;nv;nv;543;2;48,000;B;nv
BW;DB Netz (ohne RNI);SW;Stuttgart;13000438;4120;70,2 + 22;70,5 + 85;107020022;107050085;0;nv;nv;363;2;50,000;B;nv
BW;DB Netz (ohne RNI);SW;Stuttgart;13000439;4120;75,3 + 17;75,5 + 65;107530017;107550065;0;nv;nv;248;2;50,000;B;nv
BW;DB Netz (ohne RNI);SW;Stuttgart;13000440;4120;76,3 + 87;76,5 + 61;107630087;107650061;0;nv;nv;174;2;50,000;B;nv
BW;DB Netz (ohne RNI);SW;Stuttgart;13000441;4120;79,2 + 82;79,5 + 40;107920082;107950040;0;nv;nv;258;2;50,000;B;nv
BW;DB Netz (ohne RNI);SW;Karlsruhe;13000442;4130;0,2 + 52;0,6 + 77;100020052;100060077;0;nv;nv;424;2;48,000;B;nv
BW;DB Netz (ohne RNI);SW;Karlsruhe;13000443;4130;1,6 + 98;1,8 + 18;100160098;100180018;0;nv;nv;120;2;48,000;B;nv
BW;DB Netz (ohne RNI);SW;Karlsruhe;13000444;4131;-0,1 + -14;0,6 + 65;99989986;100060065;0;nv;nv;779;1;48,000;B;nv
BW;DB Netz (ohne RNI);SW;Freiburg;13000461;4250;122,0 + 87;122,2 + 67;112200087;112220067;0;nv;nv;180;2;48,000;B;nv
BW;DB Netz (ohne RNI);SW;Freiburg;13000462;4250;124,1 + 66;125,0 + 66;112410066;112500066;0;nv;nv;900;2;55,000;B;nv
BW;DB Netz (ohne RNI);SW;Freiburg;13000463;4300;63,1 + 43;63,6 + 78;106310043;106360078;0;nv;nv;535;1;25,000;B;nv
BW;DB Netz (ohne RNI);SW;Freiburg;13000464;4330;4,7 + 55;5,0 + 20;100470055;100500020;0;RST;nv;265;1;38,000;B;nv
BW;DB Netz (ohne RNI);SW;Freiburg;13000465;4331;17,8 + 66;18,8 + 14;101780066;101880014;0;nv;nv;948;1;36,000;B;nv
BW;DB Netz (ohne RNI);SW;Freiburg;13000466;4331;18,9 + 72;19,5 + 88;101890072;101950088;0;nv;nv;616;1;36,000;B;nv
BW;DB Netz (ohne RNI);MI;Mainz;13000469;4104;1,5 + 45;1,6 + 77;100150045;100160077;0;nv;nv;132;1;30,000;B;nv
BW;DB Netz (ohne RNI);MI;Mainz;13000470;4104;2,1 + 26;2,2 + 63;100210026;100220063;0;nv;nv;137;1;30,000;B;nv
BW;DB Netz (ohne RNI);MI;Mainz;13000471;4104;2,4 + 33;2,5 + 18;100240033;100250018;0;nv;nv;85;1;30,000;B;nv
BW;DB Netz (ohne RNI);SW;Karlsruhe;13000472;4080;5,5 + 51;10,9 + 11;100550051;101090011;0;nv;nv;5360;2;12,300;O;nv
BW;DB Netz (ohne RNI);SW;Freiburg;13000473;4250;42,1 + 31;42,1 + 84;104210031;104210084;0;RHBG;nv;53;2;50,000;B;nv
BW;DB Netz (ohne RNI);SW;Freiburg;13000474;4250;47,1 + 74;47,1 + 97;104710074;104710097;0;nv;nv;23;2;48,000;B;nv
BW;DB Netz (ohne RNI);SW;Freiburg;13000475;4250;47,2 + 48;47,2 + 92;104720048;104720092;0;nv;nv;44;2;48,000;B;nv
BW;DB Netz (ohne RNI);SW;Freiburg;13000476;4250;47,4 + 69;47,4 + 87;104740069;104740087;0;nv;nv;18;2;48,000;B;nv
BW;DB Netz (ohne RNI);SW;Freiburg;13000477;4250;47,6 + 45;48,2 + 3;104760045;104820003;0;nv;nv;558;2;48,000;B;nv
BW;DB Netz (ohne RNI);SW;Freiburg;13000478;4250;48,3 + 63;48,6 + 76;104830063;104860076;0;nv;nv;313;2;48,000;B;nv
BW;DB Netz (ohne RNI);SW;Freiburg;13000479;4250;48,9 + 61;49,0 + 2;104890061;104900002;0;nv;nv;41;2;48,000;B;nv
BW;DB Netz (ohne RNI);SW;Freiburg;13000480;4250;49,2 + 33;49,3 + 22;104920033;104930022;0;nv;nv;89;2;48,000;B;nv
BW;DB Netz (ohne RNI);SW;Freiburg;13000481;4250;49,4 + 52;49,5 + 82;104940052;104950082;0;nv;nv;130;2;48,000;B;nv
BW;DB Netz (ohne RNI);SW;Freiburg;13000482;4250;49,7 + 77;49,9 + 39;104970077;104990039;0;nv;nv;162;2;48,000;B;nv
BW;DB Netz (ohne RNI);SW;Freiburg;13000483;4250;50,5 + 26;51,3 + 18;105050026;105130018;0;nv;nv;792;2;48,000;B;nv
BW;DB Netz (ohne RNI);SW;Freiburg;13000484;4250;51,5 + 2;51,5 + 82;105150002;105150082;0;nv;nv;80;2;48,000;B;nv
BW;DB Netz (ohne RNI);SW;Freiburg;13000485;4250;51,8 + 62;52,0 + 37;105180062;105200037;0;nv;nv;175;2;48,000;B;nv
BW;DB Netz (ohne RNI);SW;Freiburg;13000486;4250;52,2 + 69;52,5 + 34;105220069;105250034;0;nv;nv;265;2;48,000;B;nv
BW;DB Netz (ohne RNI);SW;Freiburg;13000487;4250;52,7 + 17;53,0 + 41;105270017;105300041;0;nv;nv;324;2;48,000;B;nv
BW;DB Netz (ohne RNI);SW;Freiburg;13000488;4250;53,4 + 41;53,5 + 5;105340041;105350005;0;nv;nv;64;2;48,000;B;nv
BW;DB Netz (ohne RNI);SW;Freiburg;13000489;4250;53,7 + 82;53,9 + 67;105370082;105390067;0;nv;nv;185;2;48,000;B;nv
BW;DB Netz (ohne RNI);SW;Freiburg;13000490;4250;54,2 + 40;54,3 + 4;105420040;105430004;0;nv;nv;64;2;48,000;B;nv
BW;DB Netz (ohne RNI);SW;Freiburg;13000491;4250;55,1 + 39;55,5 + 31;105510039;105550031;0;nv;nv;392;2;48,000;B;nv
BW;DB Netz (ohne RNI);SW;Freiburg;13000492;4250;56,4 + 64;56,5 + 55;105640064;105650055;0;RTR;nv;91;2;48,000;B;nv
BW;DB Netz (ohne RNI);SW;Freiburg;13000493;4250;56,6 + 78;57,5 + 12;105660078;105750012;0;nv;nv;834;2;48,000;B;nv
BW;DB Netz (ohne RNI);SW;Freiburg;13000494;4250;58,0 + 3;58,3 + 42;105800003;105830042;0;nv;nv;339;2;48,000;B;nv
BW;DB Netz (ohne RNI);SW;Freiburg;13000495;4250;59,0 + 46;59,0 + 95;105900046;105900095;0;nv;nv;49;2;48,000;B;nv
BW;DB Netz (ohne RNI);SW;Freiburg;13000496;4250;59,2 + 45;59,3 + 14;105920045;105930014;0;nv;nv;69;2;48,000;B;nv
BW;DB Netz (ohne RNI);SW;Freiburg;13000497;4250;59,6 + 37;59,8 + 32;105960037;105980032;0;nv;nv;195;2;48,000;B;nv
BW;DB Netz (ohne RNI);SW;Freiburg;13000498;4250;60,9 + 8;61,8 + 20;106090008;106180020;0;nv;nv;912;2;48,000;B;nv
BW;DB Netz (ohne RNI);SW;Freiburg;13000499;4250;62,0 + 47;62,1 + 1;106200047;106210001;0;nv;nv;54;2;48,000;B;nv
BW;DB Netz (ohne RNI);SW;Freiburg;13000500;4250;62,4 + 27;62,7 + 54;106240027;106270054;0;nv;nv;327;2;48,000;B;nv
BW;DB Netz (ohne RNI);SW;Freiburg;13000501;4250;63,2 + 45;63,6 + 26;106320045;106360026;0;nv;nv;381;2;48,000;B;nv
BW;DB Netz (ohne RNI);SW;Freiburg;13000502;4250;63,8 + 45;64,0 + 70;106380045;106400070;0;nv;nv;225;2;48,000;B;nv
BW;DB Netz (ohne RNI);SW;Freiburg;13000503;4250;64,2 + 11;64,2 + 63;106420011;106420063;0;nv;nv;52;2;48,000;B;nv
BW;DB Netz (ohne RNI);SW;Freiburg;13000504;4250;64,6 + 60;64,9 + 72;106460060;106490072;0;nv;nv;312;2;48,000;B;nv
BW;DB Netz (ohne RNI);SW;Freiburg;13000505;4250;65,2 + 20;65,2 + 83;106520020;106520083;0;nv;nv;63;2;48,000;B;nv
BW;DB Netz (ohne RNI);SW;Freiburg;13000506;4250;65,6 + 32;65,8 + 0;106560032;106580000;0;nv;nv;168;2;48,000;B;nv
BW;DB Netz (ohne RNI);SW;Freiburg;13000507;4250;65,9 + 55;65,9 + 80;106590055;106590080;0;nv;nv;25;2;48,000;B;nv
BW;DB Netz (ohne RNI);SW;Freiburg;13000508;4250;66,2 + 12;66,3 + 5;106620012;106630005;0;nv;nv;93;2;48,000;B;nv
BW;DB Netz (ohne RNI);SW;Freiburg;13000509;4250;66,5 + 56;68,2 + 53;106650056;106820053;0;nv;nv;1697;2;48,000;B;nv
BW;DB Netz (ohne RNI);SW;Freiburg;13000510;4251;4,9 + 24;5,2 + 9;100490024;100520009;0;nv;nv;285;1;28,000;B;nv
BW;DB Netz (ohne RNI);SW;Freiburg;13000511;4251;10,9 + 7;10,9 + 94;101090007;101090094;0;nv;nv;87;1;28,000;B;nv
BW;DB Netz (ohne RNI);SW;Freiburg;13000513;4880;36,1 + 78;36,5 + 58;103610078;103650058;0;nv;nv;380;1;28,000;B;nv
BW;DB Netz (ohne RNI);SW;Freiburg;13000514;4880;39,0 + 50;39,4 + 20;103900050;103940020;0;nv;nv;370;1;28,000;B;nv
BW;DB Netz (ohne RNI);SW;Freiburg;13000515;4880;44,8 + 65;44,9 + 55;104480065;104490055;0;nv;nv;90;1;28,000;B;nv
BW;DB Netz (ohne RNI);SW;Freiburg;13000516;4880;49,3 + 98;49,4 + 56;104930098;104940056;0;nv;nv;58;1;28,000;B;nv
BW;DB Netz (ohne RNI);SW;Freiburg;13000517;4880;49,7 + 98;49,8 + 76;104970098;104980076;0;nv;nv;78;1;28,000;B;nv
BW;DB Netz (ohne RNI);SW;Freiburg;13000518;4880;51,8 + 21;51,9 + 21;105180021;105190021;0;nv;nv;100;1;28,000;B;nv
BW;DB Netz (ohne RNI);SW;Freiburg;13000519;4880;54,4 + 11;54,5 + 28;105440011;105450028;0;nv;nv;117;1;28,000;B;nv
RP;DB Netz (ohne RNI);SW;Karlsruhe;13000520;3280;59,4 + 76;59,6 + 82;105940076;105960082;0;nv;nv;206;2;60,000;B;nv
RP;DB Netz (ohne RNI);SW;Karlsruhe;13000522;3280;61,0 + 81;61,1 + 46;106100081;106110046;0;nv;nv;65;2;60,000;B;nv
RP;DB Netz (ohne RNI);SW;Karlsruhe;13000523;3280;61,6 + 98;61,8 + 56;106160098;106180056;0;nv;nv;158;2;60,000;B;nv
RP;DB Netz (ohne RNI);SW;Karlsruhe;13000524;3280;61,9 + 27;62,1 + 43;106190027;106210043;0;nv;nv;215;2;60,000;B;nv
RP;DB Netz (ohne RNI);SW;Karlsruhe;13000525;3280;63,8 + 62;64,0 + 75;106380062;106400075;0;nv;nv;212;2;55,000;B;nv
RP;DB Netz (ohne RNI);SW;Karlsruhe;13000526;3280;64,9 + 25;65,2 + 91;106490025;106520091;0;nv;nv;366;2;60,000;B;nv
RP;DB Netz (ohne RNI);SW;Karlsruhe;13000527;3280;65,7 + 73;65,9 + 69;106570073;106590069;0;nv;nv;196;2;60,000;B;nv
RP;DB Netz (ohne RNI);SW;Karlsruhe;13000528;3280;67,2 + 54;67,3 + 46;106720054;106730046;0;nv;nv;92;2;60,000;B;nv
RP;DB Netz (ohne RNI);SW;Karlsruhe;13000529;3280;74,0 + 65;74,3 + 84;107400065;107430084;0;nv;nv;320;2;60,000;B;nv
RP;DB Netz (ohne RNI);SW;Karlsruhe;13000530;3405;1,1 + 74;1,7 + 74;100110074;100170074;0;nv;nv;600;1;30,000;B;nv
RP;DB Netz (ohne RNI);SW;Karlsruhe;13000531;3450;34,1 + 37;34,2 + 30;103410037;103420030;0;nv;nv;93;1;45,000;B;nv
RP;DB Netz (ohne RNI);SW;Karlsruhe;13000532;3450;43,9 + 51;44,0 + 59;104390051;104400059;0;nv;nv;108;1;45,000;B;nv
BY;DB Netz (ohne RNI);S;Nürnberg;13000533;5903;42,3 + 5;42,5 + 61;104230005;104250061;0;nv;nv;256;2;49,000;B;nv
BY;DB Netz (ohne RNI);S;Nürnberg;13000534;5903;43,6 + 52;43,9 + 20;104360052;104390020;0;nv;nv;268;2;49,000;B;nv
BY;DB Netz (ohne RNI);S;Nürnberg;13000535;5903;45,5 + 0;45,7 + 18;104550000;104570018;0;nv;nv;218;2;49,000;B;nv
BY;DB Netz (ohne RNI);S;Nürnberg;13000536;5903;46,1 + 37;46,2 + 17;104610037;104620017;0;nv;nv;80;2;49,000;B;nv
BY;DB Netz (ohne RNI);S;Nürnberg;13000537;5903;46,4 + 39;46,6 + 24;104640039;104660024;0;nv;nv;185;2;49,000;B;nv
BY;DB Netz (ohne RNI);S;Nürnberg;13000538;5903;46,9 + 22;47,2 + 40;104690022;104720040;0;nv;nv;318;2;49,000;B;nv
BY;DB Netz (ohne RNI);S;Nürnberg;13000539;5903;47,7 + 31;47,9 + 1;104770031;104790001;0;nv;nv;170;2;49,000;B;nv
BY;DB Netz (ohne RNI);S;Würzburg;13000540;5240;19,9 + 88;20,3 + 88;101990088;102030088;0;nv;nv;400;1;49,000;B;nv
BY;DB Netz (ohne RNI);S;Nürnberg;13000541;5900;24,9 + 42;25,2 + 50;102490042;102520050;0;nv;nv;308;2;65,000;B;nv
BY;DB Netz (ohne RNI);S;Würzburg;13000542;3825;49,2 + 91;49,7 + 13;104920091;104970013;0;nv;nv;422;2;65,000;B;nv
HE;DB Netz (ohne RNI);S;Würzburg;13000544;3825;34,0 + 9;34,3 + 30;103400009;103430030;0;nv;nv;321;2;65,000;B;nv
BY;DB Netz (ohne RNI);S;Nürnberg;13000545;5903;88,2 + 19;88,6 + 90;108820019;108860090;0;nv;nv;471;2;50,000;B;nv
BY;DB Netz (ohne RNI);S;Nürnberg;13000546;5903;108,1 + 15;108,9 + 55;110810015;110890055;0;nv;nv;840;2;50,000;B;nv
BY;DB Netz (ohne RNI);S;Nürnberg;13000547;5903;116,4 + 88;117,2 + 49;111640088;111720049;0;nv;nv;761;2;50,000;B;nv
BY;DB Netz (ohne RNI);S;Regensburg;13000548;5801;186,0 + 72;186,1 + 72;118600072;118610072;0;nv;nv;100;1;46,000;B;nv
BY;DB Netz (ohne RNI);S;Regensburg;13000554;5634;84,4 + 35;84,9 + 11;108440035;108490011;0;nv;nv;476;1;50,000;B;nv
BY;DB Netz (ohne RNI);S;Regensburg;13000555;5634;94,3 + 33;94,9 + 2;109430033;109490002;0;nv;nv;569;1;50,000;B;nv
BY;DB Netz (ohne RNI);S;Würzburg;13000557;1733;325,0 + 42;325,6 + 21;132500042;132560021;0;nv;nv;579;2;81,000;B;nv
BY;DB Netz (ohne RNI);S;Würzburg;13000558;1733;322,6 + 25;324,7 + 89;132260025;132470089;0;nv;nv;2164;2;81,000;B;nv
BY;DB Netz (ohne RNI);S;Würzburg;13000559;1733;319,1 + 0;321,0 + 45;131910000;132100045;0;nv;nv;1945;2;81,000;B;nv
BY;DB Netz (ohne RNI);S;Würzburg;13000560;1733;317,0 + 65;318,9 + 34;131700065;131890034;0;nv;nv;1869;2;81,000;B;nv
BY;DB Netz (ohne RNI);S;Würzburg;13000561;1733;314,7 + 0;316,9 + 35;131470000;131690035;0;nv;nv;2235;2;81,000;B;nv
BY;DB Netz (ohne RNI);S;Würzburg;13000562;1733;308,7 + 59;309,6 + 31;130870059;130960031;0;nv;nv;872;2;81,000;B;nv
BY;DB Netz (ohne RNI);S;Würzburg;13000563;1733;308,0 + 46;308,4 + 46;130800046;130840046;0;nv;nv;400;2;81,000;B;nv
BY;DB Netz (ohne RNI);S;Würzburg;13000564;1733;291,8 + 62;297,3 + 90;129180062;129730090;0;nv;nv;5528;2;81,000;B;nv
BY;DB Netz (ohne RNI);S;Würzburg;13000565;1733;289,4 + 22;290,5 + 63;128940022;129050063;0;nv;nv;1141;2;81,000;B;nv
BY;DB Netz (ohne RNI);S;Würzburg;13000566;1733;285,5 + 45;287,7 + 4;128550045;128770004;0;nv;nv;2159;2;81,000;B;nv
BY;DB Netz (ohne RNI);S;Würzburg;13000567;1733;281,7 + 54;282,4 + 84;128170054;128240084;0;nv;nv;730;2;81,000;B;nv
BY;DB Netz (ohne RNI);S;Würzburg;13000568;1733;272,3 + 1;273,1 + 24;127230001;127310024;0;nv;nv;823;2;81,000;B;nv
BY;DB Netz (ohne RNI);S;Würzburg;13000569;1733;270,5 + 56;270,8 + 11;127050056;127080011;0;nv;nv;255;2;81,000;B;nv
BY;DB Netz (ohne RNI);S;Würzburg;13000570;1733;268,0 + 92;270,4 + 45;126800092;127040045;0;nv;nv;2353;2;81,000;B;nv
HE;DB Netz (ohne RNI);MI;Kassel;13000571;1733;251,3 + 25;262,1 + 4;125130025;126210004;0;nv;nv;10779;2;82,000;B;nv
HE;DB Netz (ohne RNI);MI;Kassel;13000572;1733;262,8 + 0;264,9 + 0;126280000;126490000;0;nv;nv;2100;2;82,000;B;nv
NW;DB Netz (ohne RNI);W;Düsseldorf;13000574;2143;18,9 + 65;19,1 + 44;101890065;101910044;0;nv;nv;179;1;50,000;B;nv
NW;DB Netz (ohne RNI);W;Köln;13000582;2552;4,7 + 60;5,3 + 80;100470060;100530080;1;nv;nv;620;2;45,000;B;nv
NW;DB Netz (ohne RNI);W;Köln;13000583;2600;57,2 + 19;57,3 + 14;105720019;105730014;1;nv;nv;95;2;60,000;B;nv
NW;DB Netz (ohne RNI);W;Köln;13000584;2600;63,5 + 77;63,7 + 2;106350077;106370002;0;nv;nv;125;2;59,000;B;nv
NW;DB Netz (ohne RNI);W;Köln;13000585;2600;63,8 + 77;64,2 + 34;106380077;106420034;1;nv;nv;357;2;55,000;B;nv
NW;DB Netz (ohne RNI);W;Köln;13000587;2620;10,2 + 72;10,5 + 9;101020072;101050009;0;nv;nv;237;2;53,000;O;nv
NW;DB Netz (ohne RNI);W;Köln;13000589;2620;10,7 + 34;11,4 + 19;101070034;101140019;0;nv;nv;685;2;54,000;O;nv
NW;DB Netz (ohne RNI);W;Köln;13000591;2620;11,6 + 54;12,7 + 75;101160054;101270075;0;KKCN;nv;1121;2;53,000;O;nv
NW;DB Netz (ohne RNI);W;Köln;13000592;2631;51,1 + 7;51,5 + 79;105110007;105150079;0;nv;nv;472;2;47,000;B;nv
NW;DB Netz (ohne RNI);W;Köln;13000594;2651;39,0 + 66;39,3 + 3;103900066;103930003;0;nv;nv;237;2;50,000;B;nv
NW;DB Netz (ohne RNI);W;Köln;13000595;2651;50,4 + 83;50,8 + 54;105040083;105080054;0;nv;nv;371;2;46,000;B;nv
NW;DB Netz (ohne RNI);W;Köln;13000596;2651;53,6 + 50;53,7 + 80;105360050;105370080;0;nv;nv;130;2;53,000;B;nv
NW;DB Netz (ohne RNI);W;Köln;13000597;2651;59,1 + 8;59,3 + 43;105910008;105930043;0;nv;nv;235;1;47,000;B;nv
NW;DB Netz (ohne RNI);W;Köln;13000598;2655;18,2 + 35;19,3 + 22;101820035;101930022;0;nv;nv;1087;1;26,000;B;nv
NW;DB Netz (ohne RNI);W;Düsseldorf;13000599;2675;15,4 + 62;15,5 + 68;101540062;101550068;0;nv;nv;106;2;48,000;B;nv
NW;DB Netz (ohne RNI);W;Düsseldorf;13000600;2675;5,6 + 91;5,7 + 51;100560091;100570051;2;nv;nv;60;1;46,000;B;nv
NW;DB Netz (ohne RNI);W;Düsseldorf;13000601;2675;5,6 + 89;5,7 + 49;100560089;100570049;1;nv;nv;60;1;46,000;B;nv
NW;DB Netz (ohne RNI);W;Düsseldorf;13000603;2700;0,7 + 25;0,9 + 81;100070025;100090081;0;nv;nv;256;1;46,000;B;nv
NW;DB Netz (ohne RNI);W;Düsseldorf;13000604;2700;0,7 + 26;0,9 + 91;100070026;100090091;2;nv;nv;265;1;46,000;B;nv
RP;DB Netz (ohne RNI);MI;Koblenz;13000612;3000;21,4 + 51;21,6 + 70;102140051;102160070;0;nv;nv;219;1;24,000;B;nv
RP;DB Netz (ohne RNI);MI;Koblenz;13000613;3000;23,4 + 29;23,8 + 13;102340029;102380013;0;nv;nv;384;1;46,000;B;nv
RP;DB Netz (ohne RNI);MI;Koblenz;13000614;3000;23,9 + 30;24,0 + 86;102390030;102400086;0;nv;nv;156;1;45,000;B;nv
RP;DB Netz (ohne RNI);MI;Koblenz;13000615;3000;24,3 + 46;24,4 + 35;102430046;102440035;0;nv;nv;89;1;49,000;B;nv
RP;DB Netz (ohne RNI);MI;Koblenz;13000616;3000;24,7 + 48;24,8 + 14;102470048;102480014;0;nv;nv;66;1;24,000;B;nv
NW;DB Netz (ohne RNI);W;Düsseldorf;13000617;2324;21,8 + 43;23,8 + 96;102180043;102380096;1;nv;nv;2053;2;10,820;O;nv
RP;DB Netz (ohne RNI);MI;Koblenz;13000618;3020;48,0 + 35;48,0 + 99;104800035;104800099;0;nv;nv;64;1;26,000;B;nv
RP;DB Netz (ohne RNI);MI;Koblenz;13000619;3020;48,3 + 9;48,3 + 74;104830009;104830074;0;nv;nv;65;1;26,000;B;nv
RP;DB Netz (ohne RNI);MI;Koblenz;13000620;3020;49,7 + 1;49,8 + 25;104970001;104980025;0;nv;nv;124;1;26,000;B;nv
RP;DB Netz (ohne RNI);MI;Koblenz;13000621;3020;50,2 + 10;50,3 + 54;105020010;105030054;0;nv;nv;144;1;26,000;B;nv
RP;DB Netz (ohne RNI);MI;Koblenz;13000622;3020;51,1 + 89;51,3 + 13;105110089;105130013;0;nv;nv;124;1;26,000;B;nv
RP;DB Netz (ohne RNI);MI;Koblenz;13000623;3031;0,4 + 84;1,0 + 60;100040084;100100060;0;nv;nv;576;1;49,000;B;nv
RP;DB Netz (ohne RNI);W;Köln;13000632;3032;66,5 + 43;67,5 + 93;106650043;106750093;0;nv;nv;1050;1;25,000;B;nv
NW;DB Netz (ohne RNI);W;Köln;13000633;2620;13,0 + 0;13,8 + 50;101300000;101380050;0;nv;nv;850;2;55,000;O;nv
HH;DB Netz (ohne RNI);N;Hamburg;13000650;1270;0,2 + 57;1,1 + 44;100020057;100110044;0;nv;nv;887;2;21,000;O;nv
HH;DB Netz (ohne RNI);N;Hamburg;13000652;1270;1,4 + 28;1,8 + 40;100140028;100180040;0;nv;nv;412;2;21,000;O;nv
HH;DB Netz (ohne RNI);N;Hamburg;13000662;1270;2,1 + 34;2,8 + 85;100210034;100280085;0;nv;nv;751;2;21,000;O;nv
HH;DB Netz (ohne RNI);N;Hamburg;13000663;1270;3,1 + 40;3,8 + 12;100310040;100380012;1;nv;nv;683;1;21,000;B;nv
HH;DB Netz (ohne RNI);N;Hamburg;13000664;1270;3,1 + 40;3,8 + 10;100310040;100380010;2;nv;nv;683;1;21,000;B;nv
HH;DB Netz (ohne RNI);N;Hamburg;13000665;1270;4,1 + 45;4,7 + 87;100410045;100470087;0;nv;nv;642;2;21,000;O;nv
HH;DB Netz (ohne RNI);N;Hamburg;13000666;1270;5,0 + 68;5,7 + 69;100500068;100570069;0;nv;nv;701;2;21,000;O;nv
HH;DB Netz (ohne RNI);N;Hamburg;13000667;1271;10,9 + 7;12,2 + 15;101090007;101220015;0;nv;nv;1308;2;11,550;O;nv
HH;DB Netz (ohne RNI);N;Hamburg;13000668;1271;12,5 + 98;12,8 + 36;101250098;101280036;0;nv;nv;238;2;11,550;O;nv
HH;DB Netz (ohne RNI);N;Hamburg;13000669;1271;13,4 + 32;14,4 + 1;101340032;101440001;0;AHRF;nv;969;2;11,550;O;nv
HH;DB Netz (ohne RNI);N;Hamburg;13000670;1271;14,6 + 12;15,3 + 16;101460012;101530016;0;nv;nv;704;1;21,000;O;nv
BW;DB Netz (ohne RNI);SW;Karlsruhe;13000709;4080;40,7 + 47;42,4 + 73;104070047;104240073;0;nv;nv;1726;2;12,300;O;nv
BW;DB Netz (ohne RNI);SW;Karlsruhe;13000710;4080;45,1 + 80;48,4 + 83;104510080;104840083;0;nv;nv;3303;2;94,000;B;nv
BW;DB Netz (ohne RNI);SW;Karlsruhe;13000711;4080;50,0 + 63;50,2 + 83;105000063;105020083;0;nv;nv;220;2;88,000;B;nv
BW;DB Netz (ohne RNI);SW;Karlsruhe;13000712;4080;50,8 + 78;51,6 + 39;105080078;105160039;0;nv;nv;761;2;82,000;B;nv
BW;DB Netz (ohne RNI);SW;Karlsruhe;13000713;4080;53,0 + 8;53,4 + 27;105300008;105340027;0;nv;nv;419;2;82,000;B;nv
BY;DB Netz (ohne RNI);S;München;13000747;5556;13,3 + 72;14,4 + 53;101330072;101440053;0;nv;nv;1081;2;47,000;O;nv
BY;DB Netz (ohne RNI);S;München;13000748;5556;14,6 + 96;15,0 + 41;101460096;101500041;0;MIS;nv;345;2;90,000;O;nv
BY;DB Netz (ohne RNI);S;München;13000749;5556;33,2 + 86;33,6 + 53;103320086;103360053;0;MFHT;nv;367;2;90,000;O;nv
BY;DB Netz (ohne RNI);S;München;13000750;5556;32,3 + 60;32,9 + 54;103230060;103290054;0;nv;nv;594;2;47,000;O;nv
HE;DB Netz (ohne RNI);MI;Frankfurt (Main);13000757;3680;54,5 + 73;54,8 + 13;105450073;105480013;0;nv;nv;240;2;99,999;O;nv
HE;DB Netz (ohne RNI);MI;Frankfurt (Main);13000762;3680;53,9 + 43;54,1 + 85;105390043;105410085;0;nv;nv;242;2;99,000;O;nv
BE;DB Netz (ohne RNI);O;Berlin;13000789;6002;0,2 + 8;0,3 + 49;100020008;100030049;0;nv;nv;141;2;38,000;O;nv
SN;DB Netz (ohne RNI);SO;Zwickau;13000793;6258;18,1 + 39;18,2 + 54;101810039;101820054;0;nv;nv;115;2;64,000;B;nv
SN;DB Netz (ohne RNI);SO;Dresden;13000794;6216;49,6 + 22;49,7 + 69;104960022;104970069;0;nv;nv;147;1;24,000;B;nv
SN;DB Netz (ohne RNI);SO;Dresden;13000795;6216;52,6 + 64;52,7 + 53;105260064;105270053;0;nv;nv;89;1;24,000;B;nv
SN;DB Netz (ohne RNI);SO;Dresden;13000796;6216;52,9 + 68;53,0 + 61;105290068;105300061;0;nv;nv;93;1;24,000;B;nv
SN;DB Netz (ohne RNI);SO;Dresden;13000797;6216;53,5 + 64;53,6 + 72;105350064;105360072;0;nv;nv;108;1;24,000;B;nv
SN;DB Netz (ohne RNI);SO;Dresden;13000798;6216;54,7 + 16;54,8 + 7;105470016;105480007;0;nv;nv;91;1;24,000;B;nv
SN;DB Netz (ohne RNI);SO;Dresden;13000799;6216;55,1 + 84;55,2 + 61;105510084;105520061;0;nv;nv;77;1;24,000;B;nv
SN;DB Netz (ohne RNI);SO;Dresden;13000800;6216;61,5 + 49;61,9 + 26;106150049;106190026;0;nv;nv;377;1;24,000;B;nv
SN;DB Netz (ohne RNI);SO;Dresden;13000801;6605;5,3 + 12;5,5 + 10;100530012;100550010;0;nv;nv;198;1;28,000;B;nv
SN;DB Netz (ohne RNI);SO;Dresden;13000802;6605;5,9 + 70;6,2 + 10;100590070;100620010;0;nv;nv;240;1;27,000;B;nv
SN;DB Netz (ohne RNI);SO;Dresden;13000803;6605;18,0 + 8;18,3 + 0;101800008;101830000;0;nv;nv;292;1;28,000;B;nv
SN;DB Netz (ohne RNI);SO;Dresden;13000804;6605;20,5 + 13;21,0 + 52;102050013;102100052;0;nv;nv;539;1;30,000;B;nv
SN;DB Netz (ohne RNI);SO;Dresden;13000805;6605;32,1 + 71;32,4 + 6;103210071;103240006;0;nv;nv;235;1;32,000;B;nv
SN;DB Netz (ohne RNI);SO;Dresden;13000806;6200;0,8 + 55;0,9 + 73;100080055;100090073;0;DKA;nv;118;1;22,000;B;nv
SN;RNI;SO;Erzgebirge (RNI);13000810;6623;1,8 + 5;1,8 + 99;100180005;100180099;0;nv;nv;94;1;28,000;B;nv
SN;RNI;SO;Erzgebirge (RNI);13000811;6623;18,2 + 5;18,2 + 34;101820005;101820034;0;nv;nv;29;1;23,000;B;nv
TH;DB Netz (ohne RNI);SO;Leipzig;13000817;6268;25,5 + 22;25,7 + 23;102550022;102570023;0;nv;nv;201;1;37,000;O;nv
SN;DB Netz (ohne RNI);SO;Zwickau;13000818;6269;39,7 + 48;39,8 + 36;103970048;103980036;0;nv;nv;88;1;27,700;B;nv
SN;DB Netz (ohne RNI);SO;Zwickau;13000819;6269;44,9 + 94;45,2 + 0;104490094;104520000;0;nv;nv;206;1;43,000;B;nv
SN;RNI;SO;Erzgebirge (RNI);13000820;6626;16,4 + 7;16,6 + 40;101640007;101660040;0;nv;nv;233;1;54,000;B;nv
TH;DB Netz (ohne RNI);SO;Erfurt;13000824;6383;113,6 + 57;113,7 + 74;111360057;111370074;0;nv;nv;117;1;44,450;B;nv
ST;DB Netz (ohne RNI);SO;Halle;13000825;6343;47,1 + 89;48,0 + 64;104710089;104800064;0;nv;nv;875;2;38,000;B;nv
TH;DB Netz (ohne RNI);SO;Erfurt;13000831;6683;59,0 + 11;59,2 + 32;105900011;105920032;0;nv;nv;221;1;24,800;B;nv
TH;DB Netz (ohne RNI);SO;Erfurt;13000834;6298;30,3 + 26;30,4 + 30;103030026;103040030;0;nv;nv;104;1;43,200;B;nv
TH;DB Netz (ohne RNI);SO;Erfurt;13000835;6298;36,8 + 55;39,8 + 94;103680055;103980094;0;nv;nv;3039;2;43,600;B;nv
TH;DB Netz (ohne RNI);SO;Erfurt;13000836;6298;45,9 + 44;46,1 + 70;104590044;104610070;0;nv;nv;233;1;43,200;B;nv
TH;DB Netz (ohne RNI);SO;Erfurt;13000839;6698;3,1 + 1;3,2 + 19;100310001;100320019;0;nv;nv;118;1;26,550;B;nv
TH;DB Netz (ohne RNI);SO;Erfurt;13000840;6698;5,9 + 16;6,0 + 50;100590016;100600050;0;nv;nv;136;1;26,550;B;nv
TH;DB Netz (ohne RNI);SO;Erfurt;13000841;6698;6,4 + 76;6,7 + 49;100640076;100670049;0;nv;nv;273;1;26,550;B;nv
TH;DB Netz (ohne RNI);SO;Erfurt;13000842;6698;16,5 + 93;16,6 + 79;101650093;101660079;0;nv;nv;86;1;26,550;B;nv
TH;DB Netz (ohne RNI);SO;Erfurt;13000843;6702;8,9 + 69;9,2 + 49;100890069;100920049;0;nv;nv;280;1;25,600;B;nv
TH;DB Netz (ohne RNI);SO;Erfurt;13000849;6269;12,0 + 54;12,1 + 14;101200054;101210014;0;nv;nv;60;1;42,800;B;nv
TH;DB Netz (ohne RNI);SO;Erfurt;13000850;6269;21,9 + 61;22,2 + 25;102190061;102220025;0;nv;nv;264;1;46,520;B;nv
TH;DB Netz (ohne RNI);SO;Erfurt;13000851;6269;26,0 + 75;26,1 + 91;102600075;102610091;0;nv;nv;116;1;42,800;B;nv
SN;DB Netz (ohne RNI);SO;Zwickau;13000852;6269;29,9 + 51;30,2 + 21;102990051;103020021;0;nv;nv;270;1;37,930;B;nv
SN;DB Netz (ohne RNI);SO;Zwickau;13000853;6269;32,7 + 44;32,8 + 83;103270044;103280083;0;nv;nv;139;1;38,000;B;nv
SN;DB Netz (ohne RNI);SO;Zwickau;13000854;6269;36,2 + 81;36,6 + 36;103620081;103660036;0;nv;nv;355;1;33,940;B;nv
TH;DB Netz (ohne RNI);SO;Erfurt;13000855;6653;34,2 + 81;34,3 + 60;103420081;103430060;0;nv;nv;79;1;24,300;B;nv
TH;DB Netz (ohne RNI);SO;Erfurt;13000856;6653;35,8 + 67;35,9 + 38;103580067;103590038;0;nv;nv;71;1;41,120;B;nv
ST;DB Netz (ohne RNI);SO;Halle;13000861;6356;17,9 + 86;18,0 + 70;101790086;101800070;0;LHN;nv;84;2;58,800;O;nv
BW;DB Netz (ohne RNI);SW;Stuttgart;13000895;4861;23,9 + 11;24,3 + 91;102390011;102430091;0;nv;nv;480;2;14,000;O;nv
BW;DB Netz (ohne RNI);SW;Stuttgart;13000896;4861;24,6 + 62;25,0 + 1;102460062;102500001;0;TFL;nv;339;2;14,000;O;nv
BW;DB Netz (ohne RNI);SW;Stuttgart;13000900;4861;22,1 + 10;22,6 + 3;102210010;102260003;0;nv;nv;493;2;15,000;O;nv
BY;DB Netz (ohne RNI);S;Würzburg;13000912;5216;7,4 + 87;8,8 + 48;100740087;100880048;0;nv;nv;1361;2;81,000;B;nv
BY;DB Netz (ohne RNI);S;Würzburg;13000913;5216;5,7 + 75;6,3 + 1;100570075;100630001;0;nv;nv;526;2;81,000;B;nv
BY;DB Netz (ohne RNI);S;Würzburg;13000914;5216;6,5 + 83;7,2 + 1;100650083;100720001;0;nv;nv;618;2;81,000;B;nv
BY;DB Netz (ohne RNI);S;Würzburg;13000915;5216;1,5 + 79;5,5 + 21;100150079;100550021;0;nv;nv;3942;2;81,000;B;nv
SL;DB Netz (ohne RNI);SW;Saarbrücken;13001079;3230;44,8 + 75;46,0 + 70;104480075;104600070;0;nv;nv;1195;2;42,000;B;nv
HE;RNI;MI;Kurhessenbahn (RNI);13001161;2972;50,5 + 47;50,7 + 47;105050047;105070047;0;nv;nv;200;1;24,000;B;nv
HE;RNI;MI;Kurhessenbahn (RNI);13001162;2972;51,1 + 72;51,2 + 65;105110072;105120065;0;nv;nv;93;1;24,000;B;nv
HE;DB Netz (ohne RNI);MI;Frankfurt (Main);13001214;3656;3,4 + 45;3,8 + 69;100340045;100380069;0;nv;nv;280;2;79,000;O;nv
HE;DB Netz (ohne RNI);MI;Frankfurt (Main);13001215;2690;170,1 + 6;171,9 + 89;117010006;117190089;0;nv;nv;1883;2;99,000;O;nv
HE;DB Netz (ohne RNI);MI;Frankfurt (Main);13001216;2690;167,0 + 70;168,0 + 65;116700070;116800065;0;nv;nv;995;2;85,550;O;nv
HE;DB Netz (ohne RNI);MI;Frankfurt (Main);13001217;3539;1,2 + 0;1,3 + 98;100120000;100130098;0;nv;nv;198;1;73,000;O;nv
HE;DB Netz (ohne RNI);MI;Frankfurt (Main);13001218;2690;172,8 + 25;172,9 + 96;117280025;117290096;0;nv;nv;171;2;99,000;O;nv
TH;DB Netz (ohne RNI);SO;Erfurt;13001229;6311;6,1 + 86;6,7 + 35;100610086;100670035;0;nv;nv;549;2;49,450;B;nv
NI;DB Netz (ohne RNI);N;Hannover;13001230;1713;15,0 + 67;15,4 + 85;101500067;101540085;0;HLGF;nv;418;2;73,000;O;nv
TH;DB Netz (ohne RNI);SO;Erfurt;13001268;5919;164,2 + 87;164,7 + 50;116420087;116470050;0;nv;nv;463;2;45,000;B;nv
NW;DB Netz (ohne RNI);W;Hagen;13001270;2213;1,8 + 38;3,0 + 74;100180038;100300074;0;nv;nv;1236;1;46,000;B;nv
BW;DB Netz (ohne RNI);SW;Stuttgart;13001272;4861;24,9 + 90;25,3 + 94;102490090;102530094;0;nv;nv;404;2;15,000;O;nv
BW;DB Netz (ohne RNI);SW;Stuttgart;13001273;4861;25,3 + 94;27,5 + 68;102530094;102750068;0;TFIL;nv;2174;1;36,000;B;nv
BW;DB Netz (ohne RNI);SW;Stuttgart;13001274;4861;27,5 + 68;27,6 + 78;102750068;102760078;0;TFIL;nv;110;2;55,000;O;nv
BW;DB Netz (ohne RNI);SW;Stuttgart;13001275;4861;27,9 + 6;28,0 + 60;102790006;102800060;1;TFIL;nv;154;2;55,000;O;nv
SN;DB Netz (ohne RNI);SO;Dresden;13001286;6607;2,5 + 2;2,9 + 2;100250002;100290002;0;DKTF;nv;400;1;22,000;O;nv
NW;DB Netz (ohne RNI);W;Duisburg;13001295;2321;13,4 + 57;13,5 + 40;101340057;101350040;0;nv;nv;83;2;39,000;O;nv
HE;DB Netz (ohne RNI);MI;Mainz;13001309;3509;9,4 + 23;9,8 + 66;100940023;100980066;1;nv;nv;443;2;74,000;O;nv
NW;DB Netz (ohne RNI);W;Köln;13001312;2690;42,7 + 49;42,9 + 47;104270049;104290047;0;nv;nv;198;2;92,000;B;nv
NW;DB Netz (ohne RNI);W;Köln;13001313;2690;47,0 + 49;47,4 + 47;104700049;104740047;0;nv;nv;398;2;102,000;O;nv
RP;DB Netz (ohne RNI);W;Köln;13001314;2690;48,6 + 17;49,7 + 47;104860017;104970047;0;nv;nv;1130;2;92,000;B;nv
NW;DB Netz (ohne RNI);W;Köln;13001315;2690;40,5 + 54;40,8 + 9;104050054;104080009;0;nv;nv;255;2;102,000;O;nv
HE;DB Netz (ohne RNI);MI;Frankfurt (Main);13001316;2690;62,0 + 31;62,1 + 28;106200031;106210028;1;nv;nv;97;2;99,000;O;nv
NW;DB Netz (ohne RNI);W;Köln;13001317;2690;44,5 + 45;45,5 + 36;104450045;104550036;0;nv;nv;991;2;92,000;B;nv
NW;DB Netz (ohne RNI);W;Köln;13001318;2690;39,2 + 14;40,3 + 42;103920014;104030042;0;nv;nv;1128;2;92,000;B;nv
NW;DB Netz (ohne RNI);W;Köln;13001319;2690;41,2 + 83;42,5 + 23;104120083;104250023;0;nv;nv;1240;2;92,000;B;nv
HE;DB Netz (ohne RNI);MI;Frankfurt (Main);13001320;2690;76,4 + 42;76,7 + 80;107640042;107670080;0;nv;nv;338;2;99,000;O;nv
HE;DB Netz (ohne RNI);MI;Frankfurt (Main);13001321;2690;93,2 + 60;93,8 + 35;109320060;109380035;0;nv;nv;575;2;92,000;B;nv
HE;DB Netz (ohne RNI);MI;Frankfurt (Main);13001322;2690;106,7 + 53;109,1 + 48;110670053;110910048;0;nv;nv;2395;2;92,000;B;nv
HE;DB Netz (ohne RNI);MI;Frankfurt (Main);13001323;2690;89,9 + 37;92,3 + 32;108990037;109230032;0;nv;nv;2395;2;92,000;B;nv
HE;DB Netz (ohne RNI);MI;Frankfurt (Main);13001324;2690;92,4 + 66;93,2 + 9;109240066;109320009;0;nv;nv;743;2;92,000;B;nv
HE;DB Netz (ohne RNI);MI;Frankfurt (Main);13001325;2690;94,2 + 37;95,9 + 87;109420037;109590087;0;nv;nv;1750;2;92,000;B;nv
HE;DB Netz (ohne RNI);MI;Frankfurt (Main);13001326;2690;97,4 + 92;98,5 + 7;109740092;109850007;0;nv;nv;1015;2;92,000;B;nv
HE;DB Netz (ohne RNI);MI;Frankfurt (Main);13001327;2690;78,2 + 32;79,5 + 2;107820032;107950002;0;nv;nv;1270;2;92,000;B;nv
HE;DB Netz (ohne RNI);MI;Frankfurt (Main);13001328;2690;83,8 + 41;87,1 + 47;108380041;108710047;0;nv;nv;3306;2;92,000;B;nv
HE;DB Netz (ohne RNI);MI;Frankfurt (Main);13001329;2690;100,4 + 3;101,5 + 13;110040003;110150013;0;nv;nv;1110;2;92,000;B;nv
HE;DB Netz (ohne RNI);MI;Frankfurt (Main);13001330;2690;96,7 + 2;97,1 + 2;109670002;109710002;0;nv;nv;400;2;92,000;B;nv
NW;DB Netz (ohne RNI);W;Köln;13001332;2690;27,4 + 11;27,9 + 96;102740011;102790096;0;nv;nv;2502;2;92,000;O;nv
HE;DB Netz (ohne RNI);MI;Frankfurt (Main);13001336;2690;142,8 + 62;143,4 + 14;114280062;114340014;0;nv;nv;552;2;92,000;B;nv
HE;DB Netz (ohne RNI);MI;Frankfurt (Main);13001337;2690;151,3 + 58;152,5 + 4;115130058;115250004;0;nv;nv;1146;2;1,000;O;nv
HE;DB Netz (ohne RNI);MI;Frankfurt (Main);13001338;2690;133,7 + 69;135,9 + 18;113370069;113590018;0;nv;nv;2149;2;99,000;O;nv
HE;DB Netz (ohne RNI);MI;Frankfurt (Main);13001339;2690;138,0 + 31;140,7 + 96;113800031;114070096;0;nv;nv;2765;2;92,000;B;nv
HE;DB Netz (ohne RNI);MI;Frankfurt (Main);13001340;2690;145,4 + 32;149,9 + 32;114540032;114990032;0;nv;nv;4500;2;92,000;B;nv
HE;DB Netz (ohne RNI);MI;Frankfurt (Main);13001341;2690;130,6 + 58;131,1 + 64;113060058;113110064;0;nv;nv;506;2;85,830;O;nv
HE;DB Netz (ohne RNI);MI;Mainz;13001342;3509;0,5 + 56;1,6 + 0;100050056;100160000;1;nv;nv;1044;1;35,000;B;nv
HE;DB Netz (ohne RNI);MI;Mainz;13001343;3509;1,8 + 96;2,6 + 90;100180096;100260090;0;nv;nv;794;2;0;O;nv
BE;DB Netz (ohne RNI);O;Berlin;13001347;6134;2,5 + 21;3,1 + 28;100250021;100310028;0;nv;nv;607;2;128,000;O;nv
NW;DB Netz (ohne RNI);W;Duisburg;13001348;2321;13,4 + 90;13,5 + 78;101340090;101350078;0;nv;nv;88;1;39,000;O;nv
BE;DB Netz (ohne RNI);O;Berlin;13001349;6134;3,8 + 31;4,0 + 29;100380031;100400029;0;nv;nv;198;2;128,000;O;nv
SN;RNI;SO;Erzgebirge (RNI);13001353;6264;13,3 + 18;13,6 + 74;101330018;101360074;0;nv;nv;350;1;48,000;B;nv
RP;DB Netz (ohne RNI);W;Köln;13001354;2690;53,8 + 16;55,3 + 43;105380016;105530043;0;nv;nv;1527;2;92,000;B;nv
RP;DB Netz (ohne RNI);W;Köln;13001355;2690;52,9 + 92;53,7 + 21;105290092;105370021;0;nv;nv;729;2;92,000;B;nv
RP;DB Netz (ohne RNI);SW;Saarbrücken;13001356;3280;50,0 + 65;51,4 + 14;105000065;105140014;0;nv;nv;1349;2;56,000;B;nv
RP;DB Netz (ohne RNI);SW;Karlsruhe;13001357;3280;60,1 + 85;60,4 + 86;106010085;106040086;0;nv;nv;301;2;60,000;B;nv
NW;DB Netz (ohne RNI);W;Köln;13001358;2690;20,1 + 30;20,7 + 55;102010030;102070055;0;KT;nv;625;2;76,000;O;nv
BE;DB Netz (ohne RNI);O;Berlin;13001389;6018;0,1 + 82;0,7 + 32;100010082;100070032;1;nv;nv;550;2;29,000;O;nv
BE;DB Netz (ohne RNI);O;Berlin;13001390;6018;0,2 + 14;0,3 + 53;100020014;100030053;2;nv;nv;139;2;29,000;O;nv
NW;DB Netz (ohne RNI);MI;Kassel;13001395;2970;124,5 + 32;127,4 + 12;112450032;112740012;0;nv;nv;2880;2;79,000;B;nv
HE;DB Netz (ohne RNI);MI;Frankfurt (Main);13001396;3710;23,3 + 16;23,6 + 18;102330016;102360018;0;nv;nv;302;2;41,000;B;nv
NW;DB Netz (ohne RNI);W;Köln;13001401;2691;13,2 + 10;14,8 + 54;101320010;101480054;0;nv;nv;1644;2;74,000;O;nv
NW;DB Netz (ohne RNI);W;Köln;13001402;2691;15,4 + 52;17,4 + 20;101540052;101740020;0;nv;nv;1968;2;64,000;O;nv
NW;DB Netz (ohne RNI);W;Köln;13001413;2691;10,2 + 72;11,3 + 26;101020072;101130026;0;nv;nv;1054;2;73,000;O;nv
HE;DB Netz (ohne RNI);MI;Kassel;13001414;1733;148,3 + 33;149,4 + 86;114830033;114940086;0;nv;nv;1153;2;82,000;O;nv
BY;DB Netz (ohne RNI);S;Augsburg;13001431;5501;121,3 + 18;121,9 + 51;112130018;112190051;0;nv;nv;633;2;45,000;B;nv
NW;DB Netz (ohne RNI);W;Duisburg;13001442;2292;1,0 + 93;1,2 + 17;100100093;100120017;0;nv;nv;124;1;5,000;O;nv
HE;DB Netz (ohne RNI);MI;Frankfurt (Main);13001444;2690;126,9 + 23;127,2 + 77;112690023;112720077;0;nv;nv;354;2;1,000;O;nv
RP;DB Netz (ohne RNI);MI;Mainz;13001445;3520;0,4 + 5;1,7 + 2;100040005;100170002;1;nv;nv;1297;2;90,000;B;nv
ST;DB Netz (ohne RNI);SO;Halle;13001465;6053;0,8 + 3;1,0 + 12;100080003;100100012;0;LH;nv;209;1;38,100;O;nv
HE;DB Netz (ohne RNI);MI;Frankfurt (Main);13001471;3745;10,9 + 45;11,1 + 13;101090045;101110013;0;nv;nv;168;1;24,000;B;nv
NI;DB Netz (ohne RNI);N;Hannover;13001472;6107;193,4 + 3;194,3 + 71;119340003;119430071;0;nv;nv;968;2;68,000;O;nv
BY;DB Netz (ohne RNI);S;Nürnberg;13001473;5934;29,0 + 2;31,2 + 89;102900002;103120089;0;nv;nv;2287;2;92,000;B;nv
BY;DB Netz (ohne RNI);S;Nürnberg;13001474;5934;40,5 + 37;41,8 + 70;104050037;104180070;0;nv;nv;1333;2;92,000;O;nv
BY;DB Netz (ohne RNI);S;Nürnberg;13001475;5934;49,1 + 54;56,8 + 54;104910054;105680054;0;nv;nv;7700;2;92,000;B;nv
BY;DB Netz (ohne RNI);S;Nürnberg;13001476;5934;57,8 + 44;58,4 + 94;105780044;105840094;0;nv;nv;650;2;92,000;B;nv
BY;DB Netz (ohne RNI);S;Augsburg;13001477;5934;59,5 + 64;66,8 + 24;105950064;106680024;0;nv;nv;7260;2;92,000;B;nv
BY;DB Netz (ohne RNI);S;Augsburg;13001478;5934;67,5 + 79;69,5 + 4;106750079;106950004;0;nv;nv;1925;2;92,000;O;nv
BY;DB Netz (ohne RNI);S;Augsburg;13001479;5934;76,0 + 19;77,3 + 39;107600019;107730039;0;nv;nv;1320;2;92,000;B;nv
BY;DB Netz (ohne RNI);S;Augsburg;13001480;5934;78,1 + 12;81,4 + 1;107810012;108140001;0;nv;nv;3289;2;92,000;B;nv
BY;DB Netz (ohne RNI);S;Augsburg;13001481;5934;85,0 + 23;86,2 + 81;108500023;108620081;0;nv;nv;1258;2;84,000;O;nv
BE;DB Netz (ohne RNI);O;Berlin;13001482;6134;3,1 + 29;3,8 + 31;100310029;100380031;0;nv;nv;702;1;41,000;B;nv
BE;DB Netz (ohne RNI);O;Berlin;13001483;6171;3,1 + 33;3,8 + 31;100310033;100380031;2;nv;nv;698;1;41,000;B;nv
BE;DB Netz (ohne RNI);O;Berlin;13001484;6171;3,1 + 32;3,8 + 31;100310032;100380031;1;nv;nv;699;1;41,000;B;nv
BE;DB Netz (ohne RNI);O;Berlin;13001485;6134;3,1 + 28;3,8 + 31;100310028;100380031;1;nv;nv;703;1;41,000;B;nv
BE;DB Netz (ohne RNI);O;Berlin;13001486;6134;4,2 + 81;4,8 + 57;100420081;100480057;1;nv;nv;576;1;41,000;B;nv
BE;DB Netz (ohne RNI);O;Berlin;13001487;6171;4,2 + 89;4,8 + 57;100420089;100480057;1;nv;nv;568;1;41,000;B;nv
BE;DB Netz (ohne RNI);O;Berlin;13001488;6171;4,2 + 88;4,8 + 57;100420088;100480057;2;nv;nv;569;1;41,000;B;nv
BE;DB Netz (ohne RNI);O;Berlin;13001489;6134;4,2 + 80;4,8 + 57;100420080;100480057;1;nv;nv;577;1;41,000;B;nv
BE;DB Netz (ohne RNI);O;Berlin;13001490;6134;4,8 + 57;5,1 + 78;100480057;100510078;0;nv;nv;321;2;128,000;O;nv
BE;DB Netz (ohne RNI);O;Berlin;13001491;6134;5,1 + 78;5,3 + 68;100510078;100530068;0;nv;nv;190;2;128,000;O;nv
BE;DB Netz (ohne RNI);O;Berlin;13001492;6134;5,3 + 68;5,4 + 53;100530068;100540053;0;nv;nv;85;2;128,000;O;nv
BE;DB Netz (ohne RNI);O;Berlin;13001493;6134;1,4 + 50;1,7 + 88;100140050;100170088;0;BL;nv;338;2;128,000;O;nv
BE;DB Netz (ohne RNI);O;Berlin;13001494;6134;1,7 + 88;2,0 + 49;100170088;100200049;0;BL;nv;261;2;256,000;O;nv
HE;DB Netz (ohne RNI);MI;Frankfurt (Main);13001497;3656;4,2 + 29;4,4 + 49;100420029;100440049;0;nv;nv;220;1;44,000;O;nv
HE;DB Netz (ohne RNI);MI;Mainz;13001498;3688;69,4 + 0;70,0 + 46;106940000;107000046;0;nv;nv;646;1;32,000;O;nv
HE;DB Netz (ohne RNI);MI;Frankfurt (Main);13001500;3680;67,5 + 23;67,7 + 58;106750023;106770058;0;nv;nv;236;1;28,080;O;nv
TH;DB Netz (ohne RNI);SO;Erfurt;13001552;5919;161,2 + 82;162,6 + 2;116120082;116260002;0;nv;nv;1320;2;92,000;B;nv
BE;DB Netz (ohne RNI);O;Berlin;13001565;6020;4,4 + 46;4,7 + 12;100440046;100470012;0;nv;nv;266;2;55,000;O;nv
NW;DB Netz (ohne RNI);W;Köln;13001577;2600;73,5 + 57;74,2 + 68;107350057;107420068;2;nv;nv;711;1;52,000;B;nv
HE;DB Netz (ohne RNI);MI;Frankfurt (Main);13001601;3710;47,0 + 54;47,5 + 48;104700054;104750048;0;nv;nv;494;2;41,000;B;nv
HE;DB Netz (ohne RNI);MI;Kassel;13001602;3825;18,0 + 75;18,5 + 49;101800075;101850049;0;nv;nv;474;2;77,200;B;nv
RP;DB Netz (ohne RNI);MI;Mainz;13001608;3511;81,2 + 78;81,4 + 16;108120078;108140016;0;nv;nv;138;2;60,400;B;nv
RP;DB Netz (ohne RNI);MI;Mainz;13001609;3511;82,0 + 61;82,2 + 26;108200061;108220026;0;nv;nv;165;2;60,400;B;nv
HH;DB Netz (ohne RNI);N;Hamburg;13001615;1239;12,0 + 3;13,7 + 50;101200003;101370050;2;nv;nv;1747;1;22,330;B;nv
HH;DB Netz (ohne RNI);N;Hamburg;13001616;1239;12,0 + 3;13,7 + 50;101200003;101370050;1;nv;nv;1747;1;22,330;B;nv
HH;DB Netz (ohne RNI);N;Hamburg;13001617;1239;13,7 + 50;13,9 + 4;101370050;101390004;0;nv;nv;332;2;22,330;O;nv
HH;DB Netz (ohne RNI);N;Hamburg;13001618;1239;11,8 + 12;12,0 + 3;101180012;101200003;0;nv;nv;191;1;22,330;O;nv
BW;DB Netz (ohne RNI);SW;Stuttgart;13001638;4860;17,6 + 2;17,8 + 2;101760002;101780002;0;nv;nv;200;2;44,000;B;nv
BB;DB Netz (ohne RNI);O;Berlin;13001659;6151;32,1 + 83;34,6 + 29;103210083;103460029;0;nv;nv;2446;4;56,000;O;nv
BB;DB Netz (ohne RNI);O;Berlin;13001670;6151;34,6 + 94;35,1 + 1;103460094;103510001;0;nv;nv;407;2;63,000;O;nv
SN;DB Netz (ohne RNI);SO;Leipzig;13001686;6377;0,1 + 72;0,4 + 97;100010072;100040097;0;LL;nv;325;2;254,340;B;nv
SN;DB Netz (ohne RNI);SO;Leipzig;13001687;6396;3,0 + 72;3,5 + 10;100300072;100350010;0;LL;nv;438;1;41,000;B;nv
SN;DB Netz (ohne RNI);SO;Leipzig;13001688;6396;3,0 + 72;3,5 + 10;100300072;100350010;0;LL;nv;438;1;41,000;B;nv
SN;DB Netz (ohne RNI);SO;Leipzig;13001689;6396;2,5 + 21;2,9 + 28;100250021;100290028;1;LL;nv;407;1;41,000;B;nv
SN;DB Netz (ohne RNI);SO;Leipzig;13001690;6396;2,5 + 21;2,9 + 28;100250021;100290028;0;LL;nv;407;2;41,000;B;nv
SN;DB Netz (ohne RNI);SO;Leipzig;13001691;6396;1,7 + 26;2,3 + 57;100170026;100230057;0;LL;nv;631;1;41,000;B;nv
SN;DB Netz (ohne RNI);SO;Leipzig;13001692;6396;1,7 + 26;2,3 + 57;100170026;100230057;1;LL;nv;631;2;41,000;B;nv
HE;DB Netz (ohne RNI);MI;Frankfurt (Main);13001723;2690;98,5 + 99;98,7 + 59;109850099;109870059;0;nv;nv;160;2;12,000;O;nv
HE;DB Netz (ohne RNI);MI;Kassel;13001736;3600;78,1 + 74;82,1 + 69;107810074;108210069;2;nv;nv;3995;1;54,000;B;nv
NW;DB Netz (ohne RNI);W;Köln;13001768;2600;73,5 + 61;74,2 + 52;107350061;107420052;1;nv;nv;691;1;35,000;B;nv
BE;DB Netz (ohne RNI);O;Berlin;13001773;6002;0,2 + 7;0,2 + 91;100020007;100020091;0;nv;nv;84;2;38,000;O;nv
BE;DB Netz (ohne RNI);O;Berlin;13001774;6002;0,0 + 72;0,2 + 7;100000072;100020007;0;nv;nv;401;2;104,000;O;nv
BE;DB Netz (ohne RNI);O;Berlin;13001775;6032;0,1 + 94;0,4 + 36;100010094;100040036;0;nv;nv;242;2;104,000;O;nv
BE;DB Netz (ohne RNI);O;Berlin;13001776;6032;0,4 + 36;1,1 + 84;100040036;100110084;0;nv;nv;748;2;78,000;O;nv
BE;DB Netz (ohne RNI);O;Berlin;13001777;6032;1,1 + 84;1,4 + 0;100110084;100140000;0;nv;nv;216;2;52,000;O;nv
BE;DB Netz (ohne RNI);O;Berlin;13001778;6032;1,4 + 0;1,8 + 62;100140000;100180062;0;nv;nv;462;2;52,000;O;nv
BE;DB Netz (ohne RNI);O;Berlin;13001779;6032;1,8 + 62;2,1 + 6;100180062;100210006;0;nv;nv;244;2;52,000;O;nv
BE;DB Netz (ohne RNI);O;Berlin;13001780;6032;2,1 + 6;2,5 + 80;100210006;100250080;0;nv;nv;474;2;52,000;O;nv
BE;DB Netz (ohne RNI);O;Berlin;13001781;6032;2,5 + 80;2,7 + 60;100250080;100270060;0;nv;nv;180;2;52,000;O;nv
BE;DB Netz (ohne RNI);O;Berlin;13001782;6032;2,7 + 60;3,0 + 13;100270060;100300013;0;nv;nv;253;2;52,000;O;nv
BE;DB Netz (ohne RNI);O;Berlin;13001783;6032;3,0 + 13;3,5 + 10;100300013;100350010;0;nv;nv;497;2;104,000;O;nv
BE;DB Netz (ohne RNI);O;Berlin;13001784;6032;3,5 + 10;3,7 + 60;100350010;100370060;0;nv;nv;250;2;104,000;O;nv
BE;DB Netz (ohne RNI);O;Berlin;13001785;6032;3,7 + 60;4,3 + 40;100370060;100430040;0;nv;nv;580;2;52,000;O;nv
BE;DB Netz (ohne RNI);O;Berlin;13001786;6032;4,3 + 40;4,6 + 31;100430040;100460031;0;BAHU;nv;291;2;104,000;O;nv
BE;DB Netz (ohne RNI);O;Berlin;13001787;6032;4,6 + 31;4,8 + 36;100460031;100480036;0;BAHU;nv;205;2;156,000;O;nv
BE;DB Netz (ohne RNI);O;Berlin;13001788;6032;4,8 + 36;5,4 + 78;100480036;100540078;0;nv;nv;642;2;156,000;O;nv
BE;DB Netz (ohne RNI);O;Berlin;13001789;6032;5,4 + 78;5,5 + 89;100540078;100550089;0;nv;nv;111;2;52,000;O;nv
BE;DB Netz (ohne RNI);O;Berlin;13001790;6034;5,4 + 79;5,5 + 90;100540079;100550090;0;nv;nv;111;2;52,000;O;nv
NW;DB Netz (ohne RNI);W;Köln;13001794;2690;38,9 + 24;38,9 + 84;103890024;103890084;0;nv;nv;60;2;102,000;O;nv
TH;DB Netz (ohne RNI);SO;Erfurt;13001807;5919;121,3 + 63;122,6 + 80;112130063;112260080;0;nv;nv;1317;2;92,000;B;nv
TH;DB Netz (ohne RNI);SO;Erfurt;13001808;5919;150,7 + 43;151,2 + 43;115070043;115120043;0;nv;nv;500;2;92,000;B;nv
HE;DB Netz (ohne RNI);MI;Frankfurt (Main);13001815;3688;55,5 + 66;55,9 + 75;105550066;105590075;0;nv;nv;409;1;100,000;O;nv
TH;DB Netz (ohne RNI);SO;Erfurt;13001821;5919;118,9 + 40;119,6 + 85;111890040;111960085;0;nv;nv;745;2;92,000;B;nv
HE;DB Netz (ohne RNI);N;Hannover;13001824;3600;222,4 + 55;223,4 + 85;122240055;122340085;2;nv;nv;1030;1;52,000;B;nv
BW;DB Netz (ohne RNI);SW;Freiburg;13001825;4280;245,4 + 30;254,8 + 15;124540030;125480015;2;nv;nv;9385;1;63,000;B;nv
BW;DB Netz (ohne RNI);SW;Freiburg;13001826;4280;245,4 + 30;254,8 + 15;124540030;125480015;1;nv;nv;9385;1;63,000;B;nv
RP;DB Netz (ohne RNI);MI;Mainz;13001845;3511;73,5 + 70;73,9 + 79;107350070;107390079;1;nv;nv;409;2;62,770;B;nv
RP;DB Netz (ohne RNI);MI;Mainz;13001846;3511;75,6 + 88;75,9 + 19;107560088;107590019;0;nv;nv;231;2;62,770;B;nv
SN;DB Netz (ohne RNI);SO;Leipzig;13001866;6382;8,8 + 2;9,1 + 50;100880002;100910050;1;LL;nv;348;1;41,000;B;nv
SN;DB Netz (ohne RNI);SO;Leipzig;13001867;6382;8,8 + 2;9,1 + 50;100880002;100910050;2;LL;nv;348;1;41,000;B;nv
SN;DB Netz (ohne RNI);SO;Leipzig;13001868;6396;4,1 + 75;4,3 + 95;100410075;100430095;1;LL;nv;220;1;41,000;B;nv
SN;DB Netz (ohne RNI);SO;Leipzig;13001869;6396;3,9 + 80;4,0 + 76;100390080;100400076;1;LL;nv;96;1;41,000;B;nv
SN;DB Netz (ohne RNI);SO;Leipzig;13001870;6396;3,8 + 0;3,9 + 13;100380000;100390013;1;LL;nv;113;1;41,000;B;nv
BY;DB Netz (ohne RNI);S;Nürnberg;13001892;5919;87,3 + 65;91,1 + 21;108730065;109110021;0;nv;nv;3756;2;99,000;B;nv
TH;DB Netz (ohne RNI);SO;Erfurt;13001893;5919;183,6 + 37;185,0 + 41;118360037;118500041;0;nv;nv;1404;2;92,000;B;nv
RP;DB Netz (ohne RNI);MI;Koblenz;13001896;3010;48,4 + 18;52,6 + 60;104840018;105260060;0;nv;nv;4242;1;60,000;B;nv
HE;DB Netz (ohne RNI);MI;Frankfurt (Main);13001897;3610;25,4 + 85;25,8 + 25;102540085;102580025;0;nv;nv;340;2;64,000;B;nv
TH;DB Netz (ohne RNI);SO;Erfurt;13001920;5919;133,1 + 80;134,3 + 43;113310080;113430043;0;nv;nv;1163;2;92,000;B;nv
TH;DB Netz (ohne RNI);SO;Erfurt;13001921;5919;124,7 + 45;133,0 + 71;112470045;113300071;0;nv;nv;8326;2;92,000;B;nv
TH;DB Netz (ohne RNI);SO;Erfurt;13001922;5919;147,7 + 53;149,2 + 46;114770053;114920046;0;nv;nv;1493;2;92,000;B;nv
TH;DB Netz (ohne RNI);SO;Erfurt;13001923;5919;149,5 + 38;150,2 + 26;114950038;115020026;0;nv;nv;688;2;92,000;B;nv
TH;DB Netz (ohne RNI);SO;Erfurt;13001924;5919;140,1 + 14;147,5 + 21;114010014;114750021;0;nv;nv;7407;2;92,000;B;nv
BY;DB Netz (ohne RNI);S;Nürnberg;13001941;5919;111,6 + 93;114,6 + 68;111160093;111460068;0;nv;nv;2975;2;99,000;B;nv
BY;DB Netz (ohne RNI);S;Nürnberg;13001943;5919;102,6 + 38;103,7 + 10;110260038;110370010;0;nv;nv;1072;2;99,000;B;nv
BY;DB Netz (ohne RNI);S;Nürnberg;13001944;5125;0,4 + 6;1,5 + 19;100040006;100150019;0;nv;nv;1113;1;55,000;B;nv
BY;DB Netz (ohne RNI);S;Nürnberg;13001945;5919;100,3 + 1;101,1 + 25;110030001;110110025;0;nv;nv;824;2;99,000;B;nv
BY;DB Netz (ohne RNI);S;Nürnberg;13001946;5919;105,0 + 58;106,1 + 1;110500058;110610001;0;nv;nv;1043;2;99,000;B;nv
BY;DB Netz (ohne RNI);S;Nürnberg;13001951;5919;95,3 + 17;96,2 + 48;109530017;109620048;0;nv;nv;931;2;90,000;B;nv
BY;DB Netz (ohne RNI);S;Nürnberg;13001952;5919;92,6 + 93;94,0 + 24;109260093;109400024;0;nv;nv;1331;2;90,000;B;nv
TH;DB Netz (ohne RNI);SO;Erfurt;13001953;5919;135,1 + 10;135,7 + 12;113510010;113570012;0;nv;nv;602;2;92,000;B;nv
TH;DB Netz (ohne RNI);SO;Erfurt;13001954;5919;135,9 + 72;137,0 + 23;113590072;113700023;0;nv;nv;1051;2;92,000;B;nv
HE;DB Netz (ohne RNI);MI;Frankfurt (Main);13001956;2690;81,2 + 94;81,4 + 44;108120094;108140044;0;nv;nv;150;2;12,000;O;nv
ST;DB Netz (ohne RNI);SO;Halle;13001968;5919;228,9 + 91;235,9 + 56;122890091;123590056;1;nv;nv;6965;1;61,000;B;nv
ST;DB Netz (ohne RNI);SO;Halle;13001969;5919;237,3 + 1;243,7 + 68;123730001;124370068;1;nv;nv;6467;1;60,500;B;nv
ST;DB Netz (ohne RNI);SO;Halle;13001970;5919;237,3 + 1;243,7 + 68;123730001;124370068;2;nv;nv;6467;1;60,500;B;nv
ST;DB Netz (ohne RNI);SO;Halle;13001971;5919;228,9 + 91;235,9 + 56;122890091;123590056;2;nv;nv;6965;1;61,000;B;nv
ST;DB Netz (ohne RNI);SO;Halle;13001972;5919;248,9 + 28;251,0 + 9;124890028;125100009;1;nv;nv;2081;1;60,500;B;nv
ST;DB Netz (ohne RNI);SO;Halle;13001973;5919;248,9 + 28;251,0 + 9;124890028;125100009;2;nv;nv;2081;1;60,500;B;nv
HE;DB Netz (ohne RNI);N;Hannover;13001979;3600;222,5 + 0;223,4 + 35;122250000;122340035;1;nv;nv;935;1;38,000;B;nv
HE;DB Netz (ohne RNI);MI;Mainz;13001980;3509;0,5 + 22;1,6 + 65;100050022;100160065;2;nv;nv;1143;1;35,000;B;nv
BY;DB Netz (ohne RNI);S;Augsburg;13002010;5362;100,7 + 84;100,9 + 44;110070084;110090044;0;nv;nv;160;2;60,000;B;nv
HE;DB Netz (ohne RNI);MI;Frankfurt (Main);13002011;3610;0,7 + 69;0,8 + 57;100070069;100080057;0;nv;nv;88;2;66,000;B;nv
RP;DB Netz (ohne RNI);MI;Koblenz;13002019;3010;48,4 + 18;52,6 + 23;104840018;105260023;1;nv;nv;4205;1;60,000;B;nv
TH;DB Netz (ohne RNI);SO;Erfurt;13002020;5919;138,0 + 23;139,5 + 13;113800023;113950013;0;nv;nv;1490;2;92,000;B;nv
HE;DB Netz (ohne RNI);MI;Frankfurt (Main);13002024;3681;52,6 + 93;52,8 + 66;105260093;105280066;0;nv;nv;173;1;48,000;O;nv
BY;DB Netz (ohne RNI);S;Nürnberg;13002028;5919;24,9 + 42;25,2 + 50;102490042;102520050;0;nv;nv;308;2;79,270;B;nv
BY;DB Netz (ohne RNI);S;Würzburg;13002029;5200;70,5 + 52;73,1 + 75;107050052;107310075;1;nv;nv;2623;1;48,700;B;nv
BY;DB Netz (ohne RNI);S;Würzburg;13002030;5200;70,5 + 0;73,1 + 19;107050000;107310019;2;nv;nv;2619;1;49,600;B;nv
BY;DB Netz (ohne RNI);S;Würzburg;13002031;5200;73,3 + 58;73,7 + 33;107330058;107370033;1;nv;nv;375;1;49,000;O;nv
BY;DB Netz (ohne RNI);S;Würzburg;13002032;5200;73,2 + 99;73,8 + 4;107320099;107380004;2;nv;nv;505;1;49,300;B;nv
BY;DB Netz (ohne RNI);S;Würzburg;13002033;5200;74,2 + 24;74,8 + 11;107420024;107480011;1;nv;nv;587;1;49,300;B;nv
BY;DB Netz (ohne RNI);S;Würzburg;13002034;5200;74,1 + 59;74,7 + 88;107410059;107470088;2;nv;nv;629;1;49,300;B;nv
BY;DB Netz (ohne RNI);S;Würzburg;13002035;5200;75,1 + 22;75,8 + 68;107510022;107580068;1;nv;nv;746;2;98,000;O;nv
HE;RNI;MI;Kurhessenbahn (RNI);13002047;3903;25,7 + 7;26,6 + 7;102570007;102660007;0;nv;nv;900;1;36,150;B;nv
BW;DB Netz (ohne RNI);SW;Stuttgart;13002066;4200;24,4 + 69;25,3 + 78;102440069;102530078;0;nv;nv;909;2;75,600;B;nv
HE;DB Netz (ohne RNI);MI;Frankfurt (Main);13002075;3682;50,1 + 39;50,1 + 94;105010039;105010094;0;nv;nv;55;1;35,000;O;nv
BW;DB Netz (ohne RNI);SW;Stuttgart;13002092;4861;27,6 + 78;27,9 + 18;102760078;102790018;0;TFIL;nv;240;2;55,000;O;nv
BW;DB Netz (ohne RNI);SW;Stuttgart;13002097;4861;22,3 + 78;22,6 + 2;102230078;102260002;0;nv;nv;224;2;14,000;O;nv
BW;DB Netz (ohne RNI);SW;Stuttgart;13002098;4861;0,6 + 95;0,8 + 10;100060095;100080010;0;TSB;nv;115;1;19,690;O;nv
BW;DB Netz (ohne RNI);SW;Stuttgart;13002099;4861;-0,0 + -8;0,0 + 68;99999992;100000068;0;TSB;nv;76;2;23,320;O;nv
BW;DB Netz (ohne RNI);SW;Stuttgart;13002100;4861;0,0 + 68;0,1 + 14;100000068;100010014;0;TSB;nv;46;2;23,390;O;nv
BW;DB Netz (ohne RNI);S;Würzburg;13002105;4120;131,1 + 2;131,2 + 40;113110002;113120040;1;nv;nv;138;2;92,000;B;nv
HE;DB Netz (ohne RNI);MI;Frankfurt (Main);13002111;3683;8,4 + 55;9,3 + 54;100840055;100930054;0;nv;nv;968;2;78,100;O;nv
HE;DB Netz (ohne RNI);MI;Frankfurt (Main);13002112;3683;9,6 + 92;10,3 + 65;100960092;101030065;0;nv;nv;774;2;78,100;O;nv
